Jenis Kelamin,Semester saat ini,Angkatan,Departemen,Program Studi,WB1,WB2,WB3,WB4,WB5,WB6,WB7,WB8,WB9,ACD1,ACD2,ACD3,ACD4,ACD5,ACD6,ACD7,ACD8,SOC1,SOC2,SOC3,SOC4,SOC5,SOC6,SOC7,SOC8,CAR1,CAR2,CAR3,CAR4,CAR5,CAR6,CAR7,CAR8,WB_Score,ACD_Score,SOC_Score,CAR_Score,Profile,Profile_1_Prob,Profile_2_Prob,Profile_3_Prob,Profile_4_Prob,Profile_5_Prob
Laki-laki,Semester 5,2024,Departemen Teknik Elektro (DTE),S. Tr. Teknik Elektro Industri,4,4,3,3,3,4,5,4,3,3,3,3,3,3,4,3,4,4,4,4,4,4,4,4,4,3,3,3,3,3,4,3,3,3.6666666666666665,3.25,4.0,3.125,3,0.07344123529981685,0.006986308389982625,0.9195724563102006,6.477570878373292e-32,0.0
Perempuan,Semester 3,2025,Departemen Teknologi Multimedia Kreatif (DTMK),D3 Teknologi Multimedia dan Broadcasting,1,4,1,2,1,5,4,4,2,4,1,2,2,1,4,5,4,4,4,5,4,3,1,3,3,2,1,2,1,1,1,1,1,2.6666666666666665,2.875,3.375,1.25,4,1.9608526478489848e-21,4.047098456555328e-08,0.0014375902713541278,0.9985623692576614,0.0
Laki-laki,Semester 5,2024,Departemen Teknik Informatika dan Komputer (DTIK),S.Tr. Teknik Informatika,3,4,4,4,2,4,3,3,4,4,3,3,4,4,4,2,3,3,4,4,3,3,4,3,3,1,3,4,2,3,4,3,2,3.4444444444444446,3.375,3.375,2.75,3,3.9920026009244736e-10,0.00114104380301239,0.998858955797787,1.5923202013824914e-16,0.0
Laki-laki,Semester 5,2024,Departemen Teknik Informatika dan Komputer (DTIK),S.Tr. Sains Data Terapan,3,4,4,3,4,4,3,4,3,4,4,4,4,4,3,3,4,4,4,4,4,4,3,4,3,4,4,4,2,3,3,3,4,3.555555555555556,3.75,3.75,3.375,3,0.012435150236715844,0.132608809811377,0.854956039951907,2.066304173026319e-30,0.0
Laki-laki,Semester 5,2024,Departemen Teknik Informatika dan Komputer (DTIK),D3 Teknik Informatika,3,2,4,4,3,3,2,1,3,4,4,4,4,4,4,1,3,4,5,5,5,5,5,4,5,1,1,2,1,1,1,1,1,2.7777777777777777,3.5,4.75,1.125,1,0.9999999256890001,1.2155102125682026e-08,2.350848390674701e-08,3.864741424145977e-08,0.0
Perempuan,Semester 3,2025,Departemen Teknik Informatika dan Komputer (DTIK),S.Tr. Teknik Komputer,3,3,2,3,2,4,4,1,3,3,3,3,3,3,3,2,3,3,3,3,4,4,4,4,4,1,2,2,3,2,2,3,2,2.7777777777777777,2.875,3.625,2.125,3,2.6983030064964423e-08,3.9726885750928163e-10,0.9999954466903049,4.525929395950222e-06,0.0
Laki-laki,Semester 5,2024,Departemen Teknik Informatika dan Komputer (DTIK),S.Tr. Sains Data Terapan,2,2,2,2,2,2,2,2,2,3,3,3,3,3,3,3,3,3,3,3,3,3,3,3,3,4,3,3,3,3,3,3,3,2.0,3.0,3.0,3.125,3,7.509793679635303e-16,1.92089706943474e-34,0.9999999165329604,8.346703852212454e-08,0.0
Laki-laki,Semester 1,2026,Departemen Teknik Mekanika Energi (DTME),S.Tr. Sistem Pembangkit Energi,4,4,3,3,3,4,4,3,3,3,3,2,3,3,4,3,3,4,4,3,3,3,4,4,3,4,3,3,3,3,3,3,3,3.4444444444444446,3.0,3.5,3.125,3,9.11060095510526e-06,2.011482007016384e-08,0.9999908692842249,8.812217997226468e-26,0.0
Laki-laki,Semester 1,2026,Departemen Teknik Informatika dan Komputer (DTIK),S.Tr. Teknik Komputer,3,3,3,3,2,3,3,3,4,3,3,2,3,3,4,3,3,4,4,4,4,4,4,4,4,4,4,3,3,3,3,3,3,3.0,3.0,4.0,3.25,3,0.2064608354721971,9.714959005552184e-14,0.7935391645277057,1.0174675858543328e-27,0.0
Laki-laki,Semester 7,2023,Departemen Teknik Informatika dan Komputer (DTIK),S.Tr. Teknik Komputer,4,4,1,3,3,2,2,1,3,3,3,4,4,3,3,5,3,4,5,2,4,5,3,3,3,5,4,5,5,5,5,2,5,2.555555555555556,3.5,3.625,4.5,1,0.9906422550551068,1.5041329617086366e-25,0.009357744944892768,5.194619043803665e-42,0.0
Laki-laki,Semester 7,2023,Departemen Teknologi Multimedia Kreatif (DTMK),S.Tr. Teknologi Game,3,2,2,4,3,5,4,4,4,2,3,3,3,2,3,4,4,5,5,5,5,4,4,4,4,2,3,3,3,4,2,4,2,3.4444444444444446,3.0,4.5,2.875,3,0.1556708653934152,1.418116998420625e-05,0.8443149534366005,5.5692530792059944e-30,0.0
Laki-laki,Semester 1,2026,Departemen Teknik Informatika dan Komputer (DTIK),S.Tr. Teknik Informatika,5,5,5,5,5,5,5,2,4,5,5,4,5,5,5,3,5,5,5,5,5,5,5,5,5,5,5,3,3,4,5,2,5,4.555555555555555,4.625,5.0,4.0,5,1.2329223727482205e-17,4.968522483539611e-09,1.7759186734669374e-05,2.3357490866920047e-77,0.999982235844743
Laki-laki,Semester 3,2025,Departemen Teknik Elektro (DTE),S.Tr. Teknik Telekomunikasi,3,3,1,3,3,3,3,1,2,3,2,2,3,3,3,2,2,3,3,3,3,3,2,1,2,3,3,3,3,3,3,3,3,2.4444444444444446,2.5,2.5,3.0,3,2.1730981386343737e-30,2.740555726253648e-37,0.9999999841515167,1.5848482979331148e-08,0.0
Perempuan,Semester 7,2023,Departemen Teknik Informatika dan Komputer (DTIK),S.Tr. Sains Data Terapan,3,4,2,4,4,5,5,1,4,4,2,4,5,2,4,4,5,5,5,5,5,5,5,5,5,4,3,5,5,5,3,4,4,3.555555555555556,3.75,5.0,4.125,5,3.656112924724442e-16,2.0219999616618192e-07,0.0025235593760369788,4.598739616501531e-68,0.9974762384239664
Perempuan,Semester 1,2026,Departemen Teknologi Multimedia Kreatif (DTMK),D3 Teknologi Multimedia dan Broadcasting,4,4,4,4,4,4,5,4,4,2,2,3,4,4,3,2,4,4,4,5,4,3,4,4,4,5,4,2,2,4,3,2,3,4.111111111111111,3.0,4.0,3.125,3,0.13132674957804524,0.005971676481029673,0.8627015739409253,1.959525868156626e-39,0.0
Perempuan,Semester 5,2024,Departemen Teknik Informatika dan Komputer (DTIK),D3 Teknik Informatika,4,4,2,2,3,5,5,5,4,3,3,4,4,4,4,4,4,4,4,5,3,4,3,4,3,2,2,4,4,4,1,3,1,3.7777777777777777,3.75,3.75,2.625,2,3.6061606288796524e-05,0.6362189568556657,0.3637449815380454,3.007570499884659e-19,0.0
Perempuan,Semester 1,2026,Departemen Teknik Elektro (DTE),S.Tr. Teknologi Rekayasa Internet,3,3,2,5,4,5,3,1,3,3,2,5,5,3,3,4,5,5,5,3,5,2,4,5,5,5,2,3,3,3,3,3,3,3.2222222222222223,3.75,4.25,3.125,3,0.40305674976172345,0.0015908443940018159,0.595352405844275,1.0530371254862733e-26,0.0
Perempuan,Semester 1,2026,Departemen Teknik Mekanika Energi (DTME),S.Tr. Teknik Mekatronika,3,4,2,5,3,1,4,5,5,4,4,5,4,4,4,4,5,5,5,4,5,5,5,5,5,4,4,4,3,4,3,3,3,3.555555555555556,4.25,4.875,3.5,3,2.2006574106189387e-06,0.0072105124271796385,0.9927872869154094,2.880832937119264e-43,0.0
Perempuan,Semester 5,2024,Departemen Teknik Mekanika Energi (DTME),S.Tr. Teknik Mekatronika,4,4,3,3,4,4,2,2,4,4,3,4,4,4,3,4,4,3,3,3,4,3,3,3,2,4,3,3,4,3,3,2,2,3.333333333333333,3.75,3.0,3.0,3,2.243636434086056e-16,0.00015358694430837422,0.99984641305568,1.1148027124332996e-14,0.0
Laki-laki,Semester 3,2025,Departemen Teknik Informatika dan Komputer (DTIK),S.Tr. Teknik Informatika,4,3,4,4,2,5,4,2,4,4,4,4,4,4,4,2,4,4,5,4,4,5,4,4,4,3,3,4,3,3,3,3,3,3.555555555555556,3.75,4.25,3.125,3,0.1582957295746354,0.3159940482521818,0.5257102221731826,1.3803370050581588e-30,0.0
Laki-laki,Semester 3,2025,Departemen Teknik Mekanika Energi (DTME),S.Tr. Sistem Pembangkit Energi,3,3,2,4,2,3,3,2,3,2,3,3,3,2,3,2,3,3,3,3,4,4,4,4,4,3,3,3,3,3,4,2,3,2.7777777777777777,2.625,3.625,3.0,3,0.00021516283228076237,2.6782723063913546e-22,0.9997848371677192,7.062050885508377e-19,0.0
Laki-laki,Semester 1,2026,Departemen Teknik Elektro (DTE),S.Tr. Teknologi Rekayasa Keselamatan K3,1,1,1,1,1,3,4,2,1,1,1,3,1,1,3,3,4,5,5,5,5,3,2,4,4,5,3,4,4,4,3,3,3,1.6666666666666667,2.125,4.125,3.625,1,0.9838296532901469,1.271636821579825e-76,0.016170346709853203,2.358526062005237e-28,0.0
Laki-laki,Semester 1,2026,Departemen Teknik Informatika dan Komputer (DTIK),S.Tr. Sains Data Terapan,4,3,3,4,4,5,5,5,4,4,4,4,3,4,4,4,4,4,4,4,4,4,4,4,4,4,4,3,3,4,4,4,4,4.111111111111111,3.875,4.0,3.75,2,0.008081571133417677,0.961827881175718,0.030090547690864312,4.685243433285069e-51,0.0
Laki-laki,Semester 5,2024,Departemen Teknik Elektro (DTE),S. Tr. Teknik Elektro Industri,2,2,2,4,3,4,2,3,3,3,3,3,4,2,2,3,4,4,5,4,4,2,2,4,4,5,4,4,5,4,5,5,4,2.7777777777777777,3.0,3.625,4.5,1,0.9954394673606022,1.560154300994204e-31,0.004560532639397909,2.0312286872272558e-49,0.0
Laki-laki,Semester 1,2026,Departemen Teknik Mekanika Energi (DTME),S.Tr. Sistem Pembangkit Energi,3,3,3,4,3,4,4,3,3,3,3,3,3,3,3,3,4,4,4,4,3,4,4,4,4,4,4,3,3,3,3,3,3,3.333333333333333,3.125,3.875,3.25,3,0.04856785566905787,9.852669416803108e-08,0.9514320458042478,1.0682939229794992e-29,0.0
Perempuan,Semester 7,2023,Departemen Teknik Informatika dan Komputer (DTIK),S.Tr. Teknik Informatika,2,1,2,1,2,1,1,1,1,1,2,2,2,2,2,4,3,3,3,1,2,2,2,3,2,1,2,4,5,2,1,4,1,1.3333333333333333,2.25,2.25,2.5,4,4.877543351159877e-50,8.1823732247081e-70,0.014211777319626936,0.9857882226803736,0.0
Perempuan,Semester 1,2026,Departemen Teknologi Multimedia Kreatif (DTMK),S.Tr. Teknologi Rekayasa Multimedia,3,4,3,4,3,4,3,3,3,4,2,3,3,3,3,2,3,3,3,3,3,2,3,3,3,4,4,3,2,2,3,2,3,3.333333333333333,2.875,2.875,2.875,3,5.011771648022103e-20,7.025565322383503e-13,0.9999999999992975,2.41794138087448e-16,0.0
Laki-laki,Semester 1,2026,Departemen Teknik Informatika dan Komputer (DTIK),S.Tr. Sains Data Terapan,2,3,2,3,2,3,3,2,3,2,2,1,3,2,3,3,3,3,4,3,3,3,3,4,4,4,4,4,4,3,2,2,2,2.555555555555556,2.375,3.375,3.125,3,8.199711710825405e-07,1.1133251409057051e-34,0.999999180028829,1.3630164012150676e-17,0.0
Laki-laki,Semester 5,2024,Departemen Teknik Elektro (DTE),S.Tr. Teknologi Rekayasa Internet,3,4,1,4,2,5,3,3,2,4,2,3,2,4,3,2,4,4,4,3,4,5,4,4,3,5,4,4,3,4,4,3,3,3.0,3.0,3.875,3.75,1,0.5282958193547292,4.43639615360616e-18,0.4717041806452706,7.006545709139801e-37,0.0
Laki-laki,Semester 3,2025,Departemen Teknik Elektro (DTE),S.Tr. Teknik Telekomunikasi,3,3,3,4,2,5,4,2,3,3,3,4,3,3,3,4,4,4,4,4,4,4,4,4,4,3,3,3,3,3,3,3,3,3.2222222222222223,3.375,4.0,3.0,3,0.07378169740493003,5.4696970364461946e-05,0.9261636056247055,1.5009556408789685e-23,0.0
Laki-laki,Semester 1,2026,Departemen Teknik Elektro (DTE),S.Tr. Teknologi Rekayasa Internet,4,3,3,4,2,5,5,3,3,3,3,4,3,3,3,2,4,4,4,4,4,4,4,4,4,3,3,4,2,4,3,2,3,3.555555555555556,3.125,4.0,3.0,3,0.06870677018251352,0.0003333236770967917,0.9309599061403896,1.7124822356182623e-28,0.0
Laki-laki,Semester 1,2026,Departemen Teknik Elektro (DTE),S.Tr. Teknik Elektronika,5,4,3,5,5,5,5,5,5,4,3,4,5,5,5,4,5,5,5,5,5,5,5,5,5,4,5,5,5,5,5,5,5,4.666666666666667,4.375,5.0,4.875,5,6.110339604354482e-26,0.00013500617252928555,3.4270337629524803e-07,3.710691240639014e-114,0.9998646511240945
Perempuan,Semester 3,2025,Departemen Teknologi Multimedia Kreatif (DTMK),S.Tr. Teknologi Rekayasa Multimedia,2,4,3,3,3,3,3,3,3,3,3,3,3,3,3,3,3,3,3,3,3,3,3,3,3,3,3,3,3,3,3,3,3,3.0,3.0,3.0,3.0,3,2.9485674067138114e-16,8.88254451044216e-15,0.9999999999999836,7.44609823851895e-15,0.0
Perempuan,Semester 5,2024,Departemen Teknik Informatika dan Komputer (DTIK),S.Tr. Sains Data Terapan,2,3,1,4,2,5,5,3,2,3,4,2,2,2,3,5,5,3,4,5,4,5,4,5,5,1,4,4,4,5,2,3,2,3.0,3.25,4.375,3.125,3,0.21780588735259773,9.754260980062668e-10,0.7821941116719758,4.268176245142614e-28,0.0
Laki-laki,Semester 1,2026,Departemen Teknologi Multimedia Kreatif (DTMK),D3 Teknologi Multimedia dan Broadcasting,5,5,5,5,5,5,5,1,5,5,5,5,5,5,5,5,5,5,5,5,5,5,5,5,5,5,5,5,2,5,5,1,5,4.555555555555555,5.0,5.0,4.125,5,6.313592872674198e-18,1.6512097265413279e-13,2.710021046697691e-06,1.188252977427788e-78,0.9999972899787882
Laki-laki,Semester 5,2024,Departemen Teknologi Multimedia Kreatif (DTMK),S.Tr. Teknologi Game,4,5,4,4,4,4,4,5,4,3,4,4,4,3,3,4,4,5,4,5,5,5,5,5,4,3,4,4,3,3,4,2,3,4.222222222222222,3.625,4.75,3.25,2,2.0458796549408857e-06,0.8459089991519102,0.15408895496843464,1.2662745928638615e-49,0.0
Perempuan,Semester 3,2025,Departemen Teknik Elektro (DTE),S.Tr. Teknologi Rekayasa Internet,2,2,3,2,3,2,2,2,1,3,3,2,2,3,3,2,3,2,2,2,2,4,1,4,1,1,2,2,2,1,1,2,1,2.111111111111111,2.625,2.25,1.5,4,1.2445967550078493e-64,3.9688453654711027e-28,0.0027091700072394043,0.9972908299927603,0.0
Perempuan,Semester 3,2025,Departemen Teknik Elektro (DTE),S.Tr. Teknologi Rekayasa Internet,3,2,3,5,3,2,4,1,3,3,3,2,2,1,2,3,2,3,2,2,3,3,3,4,2,1,1,3,1,1,1,1,2,2.888888888888889,2.25,2.75,1.375,4,1.9537494934330458e-40,2.5093712412033376e-17,0.013080148323402525,0.9869198516765975,0.0
Laki-laki,Semester 1,2026,Departemen Teknik Mekanika Energi (DTME),S.Tr. Teknologi Rekayasa Perancangan Manufaktur,4,4,3,5,4,5,1,4,4,4,4,2,4,4,4,1,4,5,3,1,4,5,3,4,4,4,5,5,3,4,5,5,5,3.7777777777777777,3.375,3.625,4.5,1,0.9881991276237572,3.563520082537002e-08,0.011800836741042164,2.0646802404044434e-64,0.0
Laki-laki,Semester 1,2026,Departemen Teknologi Multimedia Kreatif (DTMK),S.Tr. Bisnis Digital,3,2,3,4,3,3,4,2,3,2,3,2,3,3,4,1,3,3,3,4,3,2,3,3,3,4,3,2,2,3,3,2,3,3.0,2.625,3.0,2.75,3,9.761458326928257e-18,4.974325636980729e-19,0.99999999999915,8.501578646045913e-13,0.0
Laki-laki,Semester 1,2026,Departemen Teknik Mekanika Energi (DTME),S.Tr. Teknik Mekatronika,4,4,2,5,2,3,4,1,4,4,2,4,4,3,3,4,3,4,4,4,5,3,5,5,5,5,5,5,4,4,5,1,5,3.2222222222222223,3.375,4.375,4.25,3,0.0035474325736643358,1.0463414397855665e-11,0.9964525674158724,2.28038974609029e-56,0.0
Laki-laki,Semester 1,2026,Departemen Teknik Elektro (DTE),D3 Teknik Elektro Industri,3,3,1,4,3,4,4,3,2,3,1,4,4,3,3,3,3,4,4,4,4,4,4,4,4,3,4,4,4,4,4,4,4,3.0,3.0,4.0,3.875,1,0.676897592024922,3.441838712429146e-19,0.3231024079750779,2.271297629690759e-41,0.0
Laki-laki,Semester 3,2025,Departemen Teknik Informatika dan Komputer (DTIK),D3 Teknik Informatika,3,2,3,3,1,3,2,5,3,2,3,3,1,2,2,5,3,3,3,2,3,1,3,3,3,3,3,3,2,2,1,3,3,2.7777777777777777,2.625,2.625,2.5,3,5.195326203300822e-32,2.2605672910524737e-22,0.9999965220758228,3.4779241770365314e-06,0.0
Perempuan,Semester 3,2025,Departemen Teknik Elektro (DTE),S.Tr. Teknik Elektronika,2,3,2,2,1,4,3,4,2,2,1,1,2,1,3,3,3,5,5,3,3,5,5,5,5,1,1,2,2,1,1,3,1,2.555555555555556,2.0,4.5,1.5,1,0.99998203064573,3.3308706246040094e-24,1.7927371617459854e-05,4.1982652031755114e-08,0.0
Perempuan,Semester 3,2025,Departemen Teknik Elektro (DTE),S.Tr. Teknik Elektronika,3,3,2,2,2,2,4,4,3,3,2,2,3,3,3,5,4,5,5,5,5,5,3,4,5,3,3,2,3,3,2,3,3,2.7777777777777777,3.125,4.625,2.75,3,0.3519291625071897,2.466218879916368e-12,0.6480708374903446,2.743202826311805e-22,0.0
Laki-laki,Semester 1,2026,Departemen Teknologi Multimedia Kreatif (DTMK),S.Tr. Bisnis Digital,3,3,3,4,3,3,3,3,3,3,3,3,3,3,3,3,3,3,4,4,3,4,3,3,3,3,3,3,3,3,3,3,3,3.111111111111111,3.0,3.375,3.0,3,1.6921235501116516e-08,1.1223732366407942e-11,0.9999999830675407,1.0193357434803879e-18,0.0
Laki-laki,Semester 1,2026,Departemen Teknik Elektro (DTE),D3 Teknik Elektro Industri,3,4,4,4,4,4,4,4,4,4,4,4,4,4,3,4,4,4,4,4,4,4,4,4,4,4,4,4,3,4,4,4,4,3.888888888888889,3.875,4.0,3.875,2,0.03608664814441543,0.893354085053088,0.07055926680249645,4.559316851793991e-50,0.0
Laki-laki,Semester 1,2026,Departemen Teknik Elektro (DTE),D3 Teknik Elektro Industri,2,2,2,2,2,5,2,5,2,2,1,3,1,1,2,3,3,5,5,3,4,4,4,5,3,3,3,4,3,4,4,2,5,2.6666666666666665,2.0,4.125,3.5,1,0.9924639726400251,5.0643909154555535e-48,0.007536027359974779,1.6337940483623374e-36,0.0
Laki-laki,Semester 1,2026,Departemen Teknik Elektro (DTE),D3 Teknik Elektro Industri,5,4,4,4,4,5,4,4,4,4,4,4,4,4,4,4,4,4,4,4,4,4,4,4,4,4,4,4,4,4,4,4,4,4.222222222222222,4.0,4.0,4.0,2,0.004695892369012522,0.9864340498179699,0.008870057813017642,2.636474130278081e-59,0.0
Perempuan,Semester 3,2025,Departemen Teknik Elektro (DTE),S.Tr. Teknik Elektronika,2,2,2,2,2,2,2,2,2,2,2,2,2,2,2,2,2,2,2,2,2,2,2,2,2,2,2,2,2,2,2,2,2,2.0,2.0,2.0,2.0,4,2.8576516892340896e-67,8.848079249410608e-53,0.020980988627794635,0.9790190113722057,0.0
Laki-laki,Semester 1,2026,Departemen Teknik Elektro (DTE),S.Tr. Teknologi Rekayasa Internet,5,5,2,3,5,5,1,3,5,4,1,4,5,5,3,3,5,5,3,3,5,5,4,5,5,2,3,5,3,5,1,4,5,3.7777777777777777,3.75,4.375,3.5,2,0.00627098679880927,0.6865422732832287,0.307186739917962,8.880696950573342e-44,0.0
Laki-laki,Semester 1,2026,Departemen Teknologi Multimedia Kreatif (DTMK),D3 Teknologi Multimedia dan Broadcasting,5,3,3,5,5,5,5,3,4,3,3,4,5,2,5,5,5,5,5,4,5,3,3,5,5,5,4,5,4,4,5,5,5,4.222222222222222,4.0,4.375,4.625,2,1.3667433132994806e-07,0.9991192634277754,0.0008805998978936743,1.7125300124550447e-84,0.0
Laki-laki,Semester 1,2026,Departemen Teknologi Multimedia Kreatif (DTMK),D3 Teknologi Multimedia dan Broadcasting,4,3,4,5,4,3,4,3,4,4,3,4,4,3,3,3,3,3,4,3,3,4,3,4,3,3,3,3,2,2,3,3,3,3.7777777777777777,3.375,3.375,2.75,3,5.194016119213164e-10,0.01921916513091039,0.9807808343496882,2.9948338395788164e-20,0.0
Perempuan,Semester 3,2025,Departemen Teknologi Multimedia Kreatif (DTMK),D3 Teknologi Multimedia dan Broadcasting,3,3,4,2,3,4,4,4,4,2,3,3,3,3,3,3,3,3,3,3,3,4,3,3,3,2,3,3,3,3,3,3,3,3.4444444444444446,2.875,3.125,2.875,3,9.02741862798858e-14,2.2762982524568881e-10,0.9999999997722799,4.011837122771158e-19,0.0
Laki-laki,Semester 5,2024,Departemen Teknik Informatika dan Komputer (DTIK),S.Tr. Sains Data Terapan,4,5,4,4,5,5,5,4,5,5,4,4,5,4,4,4,4,4,5,5,5,5,5,5,5,3,4,4,3,4,3,3,4,4.555555555555555,4.25,4.875,3.5,3,2.457661108212759e-08,0.0032932041729305285,0.9967067712504584,1.1986120249806027e-58,0.0
Laki-laki,Semester 3,2025,Departemen Teknik Informatika dan Komputer (DTIK),S.Tr. Sains Data Terapan,4,2,2,5,3,4,4,2,3,3,2,3,3,3,4,4,3,4,4,4,4,3,4,4,4,4,4,4,4,3,3,3,3,3.2222222222222223,3.125,3.875,3.5,3,0.16309111439080518,1.2395727924058464e-10,0.8369088854852377,1.542204111626461e-33,0.0
Laki-laki,Semester 1,2026,Departemen Teknologi Multimedia Kreatif (DTMK),S.Tr. Teknologi Game,5,5,3,3,3,5,4,2,3,5,5,5,5,4,3,5,5,5,5,5,5,3,5,5,5,3,4,3,2,1,2,1,2,3.6666666666666665,4.625,4.75,2.25,1,0.9998093427569019,1.1366842667927956e-12,0.00019065724196106002,1.3478177975585728e-18,0.0
Laki-laki,Semester 1,2026,Departemen Teknik Elektro (DTE),S. Tr. Teknik Elektro Industri,4,4,2,5,3,5,5,3,4,4,3,4,5,5,3,4,5,5,5,5,5,5,5,5,5,5,5,5,5,5,5,5,5,3.888888888888889,4.125,5.0,5.0,5,1.0315211165281504e-24,3.072768741353815e-06,2.6338864516215574e-06,2.488847081398724e-102,0.999994293344807
Laki-laki,Semester 1,2026,Departemen Teknik Mekanika Energi (DTME),S.Tr. Teknik Mekatronika,4,4,4,5,4,5,5,4,5,5,5,4,4,4,4,3,4,5,5,4,5,4,5,4,5,5,5,4,4,5,5,5,5,4.444444444444445,4.125,4.625,4.75,2,4.1811175099366946e-13,0.999754525200138,0.0002454747994441585,3.0027708181071885e-97,0.0
Laki-laki,Semester 1,2026,Departemen Teknik Informatika dan Komputer (DTIK),D3 Teknik Elektronika,3,4,5,4,4,5,4,3,5,5,4,3,4,4,4,5,4,5,5,5,3,3,5,4,3,4,4,4,4,4,4,4,3,4.111111111111111,4.125,4.125,3.875,2,0.004124810154094271,0.9796916639719208,0.016183525873984844,3.116302232556083e-54,0.0
Laki-laki,Semester 1,2026,Departemen Teknik Informatika dan Komputer (DTIK),D3 Teknik Informatika,4,4,3,4,4,3,3,4,5,4,4,3,5,2,3,4,4,4,4,4,4,4,5,5,4,1,3,4,2,3,3,3,3,3.7777777777777777,3.625,4.25,2.75,2,0.040074278234768064,0.8415867036651585,0.1183390181000732,9.3165490122363e-27,0.0
Laki-laki,Semester 1,2026,Departemen Teknik Elektro (DTE),S.Tr. Teknologi Rekayasa Internet,3,3,2,3,3,4,3,1,3,3,3,3,3,3,3,4,3,4,4,4,3,3,3,3,3,5,4,3,3,4,3,3,3,2.7777777777777777,3.125,3.375,3.5,3,9.764496789209533e-06,2.3892119011375804e-18,0.9999902355032106,8.157666726862376e-23,0.0
Perempuan,Semester 1,2026,Departemen Teknik Elektro (DTE),S.Tr. Teknik Elektronika,5,3,1,4,2,3,3,4,3,2,1,2,1,2,4,1,3,4,5,4,4,4,4,4,3,4,4,4,2,3,3,4,3,3.111111111111111,2.0,4.0,3.375,1,0.9928028292652968,2.2099956037329968e-36,0.007197170734703594,8.146148739658464e-38,0.0
Laki-laki,Semester 1,2026,Departemen Teknik Informatika dan Komputer (DTIK),D3 Teknik Informatika,5,5,5,5,5,5,5,5,5,5,5,5,5,5,5,5,5,5,5,5,5,5,5,5,5,5,5,5,5,5,5,5,5,5.0,5.0,5.0,5.0,5,2.430729030482659e-27,1.7265617570731302e-11,1.0564860796912745e-08,6.647861422956597e-122,0.9999999894178735
Laki-laki,Semester 5,2024,Departemen Teknik Elektro (DTE),S.Tr. Teknologi Rekayasa Internet,5,5,5,5,5,5,5,5,5,5,5,5,5,5,5,5,5,5,5,5,5,5,5,5,5,5,5,5,5,5,5,5,5,5.0,5.0,5.0,5.0,5,2.430729030482659e-27,1.7265617570731302e-11,1.0564860796912745e-08,6.647861422956597e-122,0.9999999894178735
Laki-laki,Semester 5,2024,Departemen Teknik Informatika dan Komputer (DTIK),S.Tr. Sains Data Terapan,5,4,4,4,5,5,5,4,4,4,4,5,5,4,4,5,5,3,5,4,5,4,5,4,5,4,5,4,5,4,5,4,3,4.444444444444445,4.5,4.375,4.25,2,0.0001407168996501862,0.9300422064374989,0.06981707666285047,6.783682707989468e-71,0.0
Laki-laki,Semester 1,2026,Departemen Teknik Elektro (DTE),D3 Teknik Elektronika,4,5,1,3,2,3,1,4,3,3,2,5,4,2,4,4,3,4,5,2,4,2,4,5,4,5,4,3,1,5,5,4,5,2.888888888888889,3.375,3.75,4.0,1,0.6422134892038691,8.361513924300606e-16,0.35778651079613,4.639242376402708e-37,0.0
Laki-laki,Semester 1,2026,Departemen Teknik Elektro (DTE),D3 Teknik Elektronika,4,3,2,2,3,4,2,4,4,4,2,3,3,3,3,4,4,4,4,4,4,4,5,5,5,5,4,4,4,4,4,4,4,3.111111111111111,3.25,4.375,4.125,3,0.007043313780145418,1.3299542512801325e-14,0.992956686219841,3.561747954251703e-52,0.0
Laki-laki,Semester 1,2026,Departemen Teknik Mekanika Energi (DTME),S.Tr. Teknologi Rekayasa Perancangan Manufaktur,4,4,4,4,4,4,4,4,4,4,4,4,4,4,4,4,4,4,4,4,5,4,4,4,4,4,4,4,3,5,5,5,5,4.0,4.0,4.125,4.375,2,0.0018477366347695375,0.991658007935813,0.00649425542941726,1.837233572803603e-67,0.0
Laki-laki,Semester 1,2026,Departemen Teknik Elektro (DTE),D3 Teknik Elektronika,4,4,4,4,4,5,5,5,4,3,3,4,3,4,4,4,4,4,4,5,4,4,4,4,4,4,4,3,3,4,3,3,4,4.333333333333333,3.625,4.125,3.5,2,0.007301305512155802,0.8970755368149224,0.09562315767292176,4.575605553653763e-51,0.0
Perempuan,Semester 1,2026,Departemen Teknologi Multimedia Kreatif (DTMK),S.Tr. Teknologi Rekayasa Multimedia,3,3,2,3,3,5,5,3,3,3,3,3,3,3,3,3,3,3,3,3,3,3,3,3,3,3,3,3,3,3,3,3,3,3.333333333333333,3.0,3.0,3.0,3,6.135449703922679e-16,4.0391025247096755e-11,0.9999999999596083,1.655519322811683e-18,0.0
Laki-laki,Semester 1,2026,Departemen Teknik Elektro (DTE),D3 Teknik Elektronika,5,5,5,5,5,5,5,5,5,5,5,5,5,4,5,5,4,5,5,5,5,5,5,5,5,3,3,3,2,3,3,2,2,5.0,4.75,5.0,2.625,5,2.687024698043993e-10,3.015698425780947e-29,2.796798508382174e-07,5.4075449546419194e-46,0.9999997200514468
Laki-laki,Semester 5,2024,Departemen Teknik Informatika dan Komputer (DTIK),S.Tr. Sains Data Terapan,4,3,5,4,4,2,5,3,4,3,4,3,3,4,4,3,4,4,4,5,5,4,5,5,5,3,2,2,3,2,2,3,3,3.7777777777777777,3.5,4.625,2.5,2,0.057838193415673055,0.835488216968284,0.1066735896160429,1.2704692472667168e-25,0.0
Laki-laki,Semester 3,2025,Departemen Teknik Informatika dan Komputer (DTIK),S.Tr. Sains Data Terapan,4,3,4,2,2,2,3,2,3,4,3,2,4,2,2,4,4,5,5,4,3,4,3,5,4,2,3,5,5,3,3,2,3,2.7777777777777777,3.125,4.125,3.25,3,0.345872507627162,1.3709265163401049e-15,0.6541274923728367,3.444663754691561e-26,0.0
Laki-laki,Semester 5,2024,Departemen Teknik Informatika dan Komputer (DTIK),S.Tr. Sains Data Terapan,3,2,4,4,2,5,4,3,3,1,3,3,3,1,2,4,4,4,5,4,4,5,4,3,3,4,3,4,4,3,2,1,3,3.333333333333333,2.625,4.0,3.0,3,0.2987284118966162,4.968062352109702e-13,0.7012715881028869,4.031439357805406e-28,0.0
Perempuan,Semester 1,2026,Departemen Teknik Informatika dan Komputer (DTIK),S.Tr. Teknik Komputer,4,4,3,5,3,5,3,5,4,5,3,3,5,5,3,2,4,5,5,3,4,4,5,4,5,3,3,5,3,5,3,2,4,4.0,3.75,4.375,3.5,2,0.0009146406779265786,0.9240187861174137,0.07506657320465983,8.950176951710359e-48,0.0
Laki-laki,Semester 1,2026,Departemen Teknik Mekanika Energi (DTME),S.Tr. Teknik Mekatronika,3,4,3,5,3,4,4,5,5,4,4,3,4,4,2,3,3,4,4,4,4,3,4,4,4,3,3,2,2,4,4,4,3,4.0,3.375,3.875,3.125,3,0.009843168085884261,0.36724810393616814,0.6229087279779477,8.598689655328684e-35,0.0
Perempuan,Semester 5,2024,Departemen Teknik Informatika dan Komputer (DTIK),S.Tr. Sains Data Terapan,5,5,2,4,4,5,5,3,4,4,4,4,4,4,4,4,4,4,4,4,4,4,3,3,3,3,4,4,3,3,3,2,4,4.111111111111111,4.0,3.625,3.25,3,0.0003196637840413437,0.4127587374755441,0.5869215987404142,4.681213547733483e-33,0.0
Laki-laki,Semester 5,2024,Departemen Teknik Informatika dan Komputer (DTIK),S.Tr. Sains Data Terapan,4,3,2,3,2,4,4,2,3,2,2,3,2,1,3,5,4,4,4,4,3,4,3,5,4,4,4,5,4,4,5,5,5,3.0,2.75,3.875,4.5,1,0.9967593013478115,1.3780429401968488e-32,0.003240698652188928,1.3362296644882172e-58,0.0
Laki-laki,Semester 5,2024,Departemen Teknik Informatika dan Komputer (DTIK),S.Tr. Sains Data Terapan,4,4,3,3,4,4,5,2,4,4,3,4,4,4,4,4,4,4,4,4,4,4,4,4,4,3,3,3,4,3,3,3,3,3.6666666666666665,3.875,4.0,3.125,2,0.03765457622656515,0.6763838312322884,0.28596159254114645,5.811696936053632e-29,0.0
Laki-laki,Semester 5,2024,Departemen Teknik Informatika dan Komputer (DTIK),S.Tr. Sains Data Terapan,4,4,5,4,4,5,4,3,4,4,3,3,4,3,4,3,4,5,4,4,3,4,4,4,4,2,3,4,4,3,2,4,3,4.111111111111111,3.5,4.0,3.125,2,0.010048629301575858,0.7821310918095253,0.20782027888889892,2.401588530954931e-37,0.0
Laki-laki,Semester 1,2026,Departemen Teknik Mekanika Energi (DTME),S.Tr. Sistem Pembangkit Energi,5,5,3,5,5,5,5,4,5,5,4,5,5,5,5,4,5,5,5,5,5,5,5,5,5,4,4,5,4,5,4,3,4,4.666666666666667,4.75,5.0,4.125,5,8.265418636223306e-19,1.04929280951508e-10,5.8598475222356145e-06,6.180856558865157e-83,0.9999941400475485
Laki-laki,Semester 1,2026,Departemen Teknik Elektro (DTE),D3 Teknik Elektronika,4,4,2,3,2,4,3,2,3,3,2,3,3,2,3,3,2,3,4,3,3,3,4,3,3,2,2,3,2,2,2,2,2,3.0,2.625,3.25,2.125,3,3.192334744591561e-16,3.702286529707669e-12,0.9999963682644086,3.631731888428237e-06,0.0
Laki-laki,Semester 5,2024,Departemen Teknik Informatika dan Komputer (DTIK),S.Tr. Sains Data Terapan,4,3,2,4,4,5,3,1,2,2,3,4,3,2,3,4,3,3,4,3,4,5,4,5,3,2,4,4,3,1,2,2,5,3.111111111111111,3.0,3.875,2.875,3,0.010286935038770416,1.8078917164650183e-09,0.989713063153338,1.1781122329831603e-20,0.0
Laki-laki,Semester 1,2026,Departemen Teknik Mekanika Energi (DTME),S.Tr. Sistem Pembangkit Energi,3,2,1,4,4,5,4,1,3,3,1,3,4,1,3,3,4,3,4,3,3,5,3,4,3,4,1,3,1,3,1,2,3,3.0,2.75,3.5,2.25,3,5.621308948998506e-10,2.3707256993869735e-10,0.9999999831885585,1.6012237843253788e-08,0.0
Perempuan,Semester 1,2026,Departemen Teknologi Multimedia Kreatif (DTMK),S.Tr. Teknologi Game,4,5,5,5,5,5,3,1,4,5,5,4,5,4,5,3,5,5,5,5,5,5,5,5,5,2,1,3,1,1,1,1,1,4.111111111111111,4.5,5.0,1.375,5,0.0002897143636445226,2.610923655944458e-26,1.5200528961089038e-11,1.2202255006448496e-16,0.9997102856211548
Laki-laki,Semester 1,2026,Departemen Teknik Mekanika Energi (DTME),S.Tr. Teknik Mekatronika,2,3,2,3,3,4,5,5,2,4,2,2,3,4,4,3,4,3,5,1,3,2,3,3,3,3,4,2,3,4,2,4,3,3.2222222222222223,3.25,2.875,3.125,3,2.6370269708712142e-18,2.0691503738550408e-10,0.9999999997930851,4.2000642114568484e-17,0.0
Laki-laki,Semester 1,2026,Departemen Teknik Elektro (DTE),S. Tr. Teknik Elektro Industri,4,5,2,5,3,3,4,5,4,5,2,3,4,4,3,3,3,5,5,5,4,5,3,4,4,3,2,3,2,1,3,1,4,3.888888888888889,3.375,4.375,2.375,2,0.05292371435542045,0.907388539346589,0.03968774629799063,4.606385474086179e-23,0.0
Perempuan,Semester 1,2026,Departemen Teknik Informatika dan Komputer (DTIK),S.Tr. Teknik Informatika,4,4,4,4,4,4,4,4,4,4,4,4,4,4,4,4,4,4,4,4,4,4,4,4,4,4,4,4,4,4,4,4,4,4.0,4.0,4.0,4.0,2,0.011374055804954371,0.9735919462667801,0.015033997928265423,5.7405598387623084e-55,0.0
Laki-laki,Semester 1,2026,Departemen Teknik Mekanika Energi (DTME),S.Tr. Teknik Mekatronika,1,1,2,2,2,5,2,1,2,2,3,1,2,1,2,2,2,3,3,1,2,3,2,4,2,2,3,2,2,1,1,1,2,2.0,1.875,2.5,1.75,4,3.9381371009696096e-47,4.265197257714697e-48,0.009958030644023294,0.9900419693559768,0.0
Perempuan,Semester 1,2026,Departemen Teknik Informatika dan Komputer (DTIK),S.Tr. Teknik Komputer,5,4,4,5,4,5,5,4,4,4,4,4,4,3,4,3,5,5,4,5,4,3,4,4,4,4,4,5,4,4,4,4,4,4.444444444444445,3.875,4.125,4.125,2,0.0006973013167842426,0.9920066516226398,0.007296047060576005,4.7313775016068027e-70,0.0
Perempuan,Semester 1,2026,Departemen Teknik Informatika dan Komputer (DTIK),S.Tr. Sains Data Terapan,3,5,3,3,3,5,5,5,5,5,5,5,5,5,5,4,5,5,5,5,5,5,5,5,5,4,3,4,3,3,5,5,3,4.111111111111111,4.875,5.0,3.75,5,1.0919545853954034e-13,2.418038034401056e-11,2.8824363214211932e-05,1.395740426820997e-59,0.9999711756124962
Laki-laki,Semester 1,2026,Departemen Teknik Elektro (DTE),S.Tr. Teknik Telekomunikasi,1,3,3,1,2,1,3,5,1,3,2,2,2,5,5,4,3,3,3,3,3,4,4,3,5,3,3,3,4,3,2,3,1,2.2222222222222223,3.25,3.5,2.75,3,6.234059196538427e-08,5.0864889173195493e-20,0.9999998922814028,4.5378005460845834e-08,0.0
Laki-laki,Semester 1,2026,Departemen Teknik Informatika dan Komputer (DTIK),S.Tr. Teknik Komputer,3,4,2,5,3,5,5,5,5,4,3,4,4,3,2,3,5,5,5,5,5,5,5,5,5,5,5,5,1,5,5,1,4,4.111111111111111,3.5,5.0,3.875,5,8.928019474756846e-16,0.0003254582636456357,0.0020026848285860975,5.442188766688923e-72,0.9976718569077674
Laki-laki,Semester 1,2026,Departemen Teknologi Multimedia Kreatif (DTMK),D3 Teknologi Multimedia dan Broadcasting,5,3,3,5,5,2,5,2,3,3,3,4,4,3,5,3,5,5,5,1,5,2,5,4,5,3,3,3,3,3,3,3,3,3.6666666666666665,3.75,4.0,3.0,2,0.0221052429637243,0.6771211094255559,0.3007736476107198,3.859597127779808e-27,0.0
Laki-laki,Semester 3,2025,Departemen Teknik Informatika dan Komputer (DTIK),S.Tr. Sains Data Terapan,4,3,1,3,1,4,5,2,3,3,2,4,3,3,3,5,5,5,5,5,5,4,5,5,5,5,4,3,4,2,3,4,4,2.888888888888889,3.5,4.875,3.625,3,2.408027086129771e-07,2.710791063210301e-13,0.9999997591970203,1.5116194665180503e-42,0.0
Perempuan,Semester 1,2026,Departemen Teknik Elektro (DTE),D3 Teknik Elektro Industri,5,5,5,5,5,5,5,5,5,4,2,5,5,5,5,5,5,5,5,5,5,5,5,5,5,3,5,5,3,4,5,5,5,5.0,4.5,5.0,4.375,5,3.5467064643590875e-22,4.464632019302332e-09,2.9566054173871765e-06,1.7474977016597905e-101,0.9999970389299504
Laki-laki,Semester 1,2026,Departemen Teknik Elektro (DTE),D3 Teknik Elektro Industri,2,3,1,4,2,5,4,3,5,3,1,2,3,3,3,3,3,3,3,3,3,3,3,3,3,3,3,3,3,3,3,3,3,3.2222222222222223,2.625,3.0,3.0,3,3.2440899147309853e-15,2.6826262096841897e-18,0.9999999999999969,7.550636784075112e-19,0.0
Laki-laki,Semester 1,2026,Departemen Teknik Mekanika Energi (DTME),S.Tr. Teknologi Rekayasa Perancangan Manufaktur,4,4,3,5,3,4,4,2,4,3,3,3,3,4,4,3,4,5,5,5,5,2,4,4,4,3,3,3,3,3,3,3,3,3.6666666666666665,3.375,4.25,3.0,3,0.13599013589616685,0.14304731839085183,0.7209625457129812,3.913487948167648e-31,0.0
Perempuan,Semester 3,2025,Departemen Teknik Informatika dan Komputer (DTIK),S.Tr. Teknik Informatika,5,4,2,5,4,5,5,1,4,4,5,4,5,5,5,3,5,5,4,5,5,5,3,3,5,5,5,5,5,5,4,5,3,3.888888888888889,4.5,4.375,4.625,2,8.803631829069113e-06,0.9970490285452742,0.0029421678228964666,2.963955004201918e-72,0.0
Laki-laki,Semester 1,2026,Departemen Teknologi Multimedia Kreatif (DTMK),S.Tr. Teknologi Game,4,4,4,5,4,3,4,4,4,3,4,4,4,4,4,4,4,4,4,4,4,4,5,5,4,4,2,3,3,3,3,4,3,4.0,3.875,4.25,3.125,2,0.018182899770192128,0.8675481538447645,0.11426894638504327,2.715539709737672e-36,0.0
Perempuan,Semester 5,2024,Departemen Teknik Informatika dan Komputer (DTIK),S.Tr. Sains Data Terapan,2,4,1,2,3,2,4,2,2,2,1,3,2,2,2,3,2,4,3,5,4,4,3,3,3,4,4,3,1,3,2,3,2,2.4444444444444446,2.125,3.625,2.75,3,0.00021851098623800917,9.132820469392507e-38,0.9997814890136563,1.0541122802942414e-13,0.0
Laki-laki,Semester 3,2025,Departemen Teknik Informatika dan Komputer (DTIK),S.Tr. Teknik Komputer,2,2,2,3,3,2,4,2,3,3,3,3,4,3,3,1,3,4,5,4,4,4,4,4,4,2,2,3,2,4,3,3,3,2.555555555555556,2.875,4.125,2.75,3,0.38148959887003864,5.6507314505845705e-19,0.6185104011299611,9.273550394440146e-17,0.0
Laki-laki,Semester 3,2025,Departemen Teknik Informatika dan Komputer (DTIK),S.Tr. Sains Data Terapan,4,4,3,2,2,3,2,3,4,4,3,4,2,3,3,2,3,3,3,4,2,3,3,2,2,3,1,2,4,2,3,2,3,3.0,3.0,2.75,2.5,3,3.398177682095676e-28,7.710881933668247e-13,0.9999996619898986,3.3800933013769685e-07,0.0
Laki-laki,Semester 3,2025,Departemen Teknik Elektro (DTE),S.Tr. Teknik Elektronika,2,3,2,2,2,3,3,2,4,3,2,3,3,3,3,3,3,4,4,4,3,4,4,4,4,3,2,2,3,2,1,2,2,2.555555555555556,2.875,3.875,2.125,3,0.00043221224714974773,6.707386869422209e-13,0.9995658135745984,1.974177580816945e-06,0.0
Perempuan,Semester 5,2024,Departemen Teknik Informatika dan Komputer (DTIK),S.Tr. Sains Data Terapan,4,4,5,3,3,5,4,5,5,4,3,5,4,5,4,5,5,4,4,5,5,4,5,4,5,4,5,5,5,4,5,4,5,4.222222222222222,4.375,4.5,4.625,2,2.7749850027927237e-09,0.9994394561193558,0.000560541105659229,3.352213957569011e-83,0.0
Perempuan,Semester 5,2024,Departemen Teknik Informatika dan Komputer (DTIK),S.Tr. Sains Data Terapan,3,4,1,3,3,2,2,4,3,3,3,4,3,4,4,4,2,5,5,2,4,5,4,4,4,3,4,4,3,3,3,2,2,2.7777777777777777,3.375,4.125,3.0,3,0.3463449680812136,1.0944808007581131e-10,0.6536550318093385,1.2848136589581719e-20,0.0
Laki-laki,Semester 3,2025,Departemen Teknik Informatika dan Komputer (DTIK),S.Tr. Sains Data Terapan,3,3,2,4,4,4,3,3,3,3,1,2,3,3,4,4,4,3,4,3,3,3,3,3,3,4,3,4,4,3,3,2,3,3.2222222222222223,3.0,3.125,3.25,3,3.103898491122389e-11,3.9133002254570723e-13,0.9999999999685696,3.017863409250928e-22,0.0
Perempuan,Semester 3,2026,Departemen Teknik Informatika dan Komputer (DTIK),S.Tr. Sains Data Terapan,4,3,3,5,4,5,4,4,4,4,3,3,4,4,4,3,4,4,5,5,5,4,4,5,4,3,3,4,2,2,2,4,3,4.0,3.625,4.5,2.875,2,0.00600964487296862,0.8976178583818172,0.09637249674521416,1.3598983806288287e-34,0.0
Laki-laki,Semester 3,2025,Departemen Teknik Elektro (DTE),S.Tr. Teknik Elektronika,3,3,2,3,4,2,2,2,3,3,2,3,2,3,3,4,5,4,3,4,4,4,4,4,4,3,3,3,3,4,4,4,4,2.6666666666666665,3.125,3.875,3.5,3,0.21239055874050392,1.2294245219368397e-19,0.7876094412594962,7.203695694635901e-27,0.0
Laki-laki,Semester 3,2025,Departemen Teknik Elektro (DTE),S.Tr. Teknologi Rekayasa Internet,3,4,3,4,4,2,3,2,4,4,4,3,3,4,3,4,4,3,4,3,4,4,4,4,4,3,4,4,2,3,4,2,4,3.2222222222222223,3.625,3.75,3.25,3,0.007021015606312671,0.00022923640155612162,0.9927497479921309,1.8817689716489506e-24,0.0
Laki-laki,Semester 3,2025,Departemen Teknik Mekanika Energi (DTME),S.Tr. Teknik Mekatronika,5,5,3,4,5,5,5,3,4,5,3,3,5,5,4,3,4,5,5,5,5,5,4,5,4,4,4,5,4,4,5,4,5,4.333333333333333,4.0,4.75,4.375,2,8.720019989329238e-13,0.9939140570392087,0.00608594295991923,5.604222301188684e-84,0.0
Laki-laki,Semester 3,2025,Departemen Teknologi Multimedia Kreatif (DTMK),S.Tr. Teknologi Game,1,5,3,1,2,1,1,3,1,3,4,2,3,3,1,5,3,1,1,1,1,4,1,4,1,1,1,4,2,3,5,1,2,2.0,3.0,1.75,2.375,4,9.517729726923811e-78,8.797960756210645e-38,0.0009687766202222284,0.9990312233797778,0.0
Laki-laki,Semester 3,2025,Departemen Teknik Informatika dan Komputer (DTIK),S.Tr. Teknik Informatika,3,3,2,2,3,2,3,3,2,3,3,3,3,3,3,3,3,3,3,5,3,3,3,3,3,3,3,3,3,3,3,3,3,2.555555555555556,3.0,3.25,3.0,3,4.7258714410385693e-11,1.6010810071857878e-20,0.9999999999509885,1.753042681586781e-12,0.0
Laki-laki,Semester 3,2025,Departemen Teknik Informatika dan Komputer (DTIK),S.Tr. Teknik Komputer,4,2,1,3,2,4,2,1,3,2,4,2,4,3,1,4,3,4,5,4,5,5,5,5,5,1,1,4,2,2,2,1,1,2.4444444444444446,2.875,4.75,1.75,1,0.9999090779795394,6.411261358487432e-16,9.092200021289906e-05,2.0246803416829708e-11,0.0
Laki-laki,Semester 3,2025,Departemen Teknik Mekanika Energi (DTME),S.Tr. Teknik Mekatronika,2,3,4,2,3,5,4,1,3,3,3,3,4,3,3,3,3,4,5,4,4,4,4,4,4,4,4,4,2,4,3,4,4,3.0,3.125,4.125,3.625,3,0.35772310293106446,9.107730778416213e-15,0.642276897068926,2.494856211792686e-36,0.0
Perempuan,Semester 3,2025,Departemen Teknik Elektro (DTE),S.Tr. Teknik Elektronika,2,2,1,3,1,4,2,1,1,2,2,1,2,2,1,2,1,3,2,1,3,4,3,2,1,1,3,1,1,2,1,1,1,1.8888888888888888,1.625,2.375,1.375,4,6.875821843465901e-58,1.4092307852560683e-53,0.0014621826797338122,0.9985378173202661,0.0
Laki-laki,Semester 3,2025,Departemen Teknik Elektro (DTE),D3 Teknik Elektro Industri,4,4,4,4,4,3,5,5,5,4,4,4,4,4,4,4,4,4,4,4,4,4,4,4,4,4,4,4,4,4,4,4,4,4.222222222222222,4.0,4.0,4.0,2,0.004695892369012522,0.9864340498179699,0.008870057813017642,2.636474130278081e-59,0.0
Laki-laki,Semester 1,2026,Departemen Teknik Elektro (DTE),S. Tr. Teknik Elektro Industri,2,3,1,3,2,4,5,2,2,2,1,2,3,3,3,2,3,4,4,4,3,3,3,5,4,4,4,3,3,3,2,2,3,2.6666666666666665,2.375,3.75,3.0,3,0.01700927432230748,1.3369144416979273e-29,0.9829907256776924,9.224423237959838e-20,0.0
