Jenis Kelamin,Semester saat ini,Angkatan,Departemen,Program Studi,WB1,WB2,WB3,WB4,WB5,WB6,WB7,WB8,WB9,ACD1,ACD2,ACD3,ACD4,ACD5,ACD6,ACD7,ACD8,SOC1,SOC2,SOC3,SOC4,SOC5,SOC6,SOC7,SOC8,CAR1,CAR2,CAR3,CAR4,CAR5,CAR6,CAR7,CAR8,WB_Score,ACD_Score,SOC_Score,CAR_Score
Laki-laki,Semester 5,2024,Departemen Teknik Elektro (DTE),S. Tr. Teknik Elektro Industri,4,4,3,3,3,4,5,4,3,3,3,3,3,3,4,3,4,4,4,4,4,4,4,4,4,3,3,3,3,3,4,3,3,3.6666666666666665,3.25,4.0,3.125
Perempuan,Semester 3,2025,Departemen Teknologi Multimedia Kreatif (DTMK),D3 Teknologi Multimedia dan Broadcasting,1,4,1,2,1,5,4,4,2,4,1,2,2,1,4,5,4,4,4,5,4,3,1,3,3,2,1,2,1,1,1,1,1,2.6666666666666665,2.875,3.375,1.25
Laki-laki,Semester 5,2024,Departemen Teknik Informatika dan Komputer (DTIK),S.Tr. Teknik Informatika,3,4,4,4,2,4,3,3,4,4,3,3,4,4,4,2,3,3,4,4,3,3,4,3,3,1,3,4,2,3,4,3,2,3.4444444444444446,3.375,3.375,2.75
Laki-laki,Semester 5,2024,Departemen Teknik Informatika dan Komputer (DTIK),S.Tr. Sains Data Terapan,3,4,4,3,4,4,3,4,3,4,4,4,4,4,3,3,4,4,4,4,4,4,3,4,3,4,4,4,2,3,3,3,4,3.5555555555555554,3.75,3.75,3.375
Laki-laki,Semester 5,2024,Departemen Teknik Informatika dan Komputer (DTIK),D3 Teknik Informatika,3,2,4,4,3,3,2,1,3,4,4,4,4,4,4,1,3,4,5,5,5,5,5,4,5,1,1,2,1,1,1,1,1,2.7777777777777777,3.5,4.75,1.125
Perempuan,Semester 3,2025,Departemen Teknik Informatika dan Komputer (DTIK),S.Tr. Teknik Komputer,3,3,2,3,2,4,4,1,3,3,3,3,3,3,3,2,3,3,3,3,4,4,4,4,4,1,2,2,3,2,2,3,2,2.7777777777777777,2.875,3.625,2.125
Laki-laki,Semester 5,2024,Departemen Teknik Informatika dan Komputer (DTIK),S.Tr. Sains Data Terapan,2,2,2,2,2,2,2,2,2,3,3,3,3,3,3,3,3,3,3,3,3,3,3,3,3,4,3,3,3,3,3,3,3,2.0,3.0,3.0,3.125
Laki-laki,Semester 1,2026,Departemen Teknik Mekanika Energi (DTME),S.Tr. Sistem Pembangkit Energi,4,4,3,3,3,4,4,3,3,3,3,2,3,3,4,3,3,4,4,3,3,3,4,4,3,4,3,3,3,3,3,3,3,3.4444444444444446,3.0,3.5,3.125
Laki-laki,Semester 1,2026,Departemen Teknik Informatika dan Komputer (DTIK),S.Tr. Teknik Komputer,3,3,3,3,2,3,3,3,4,3,3,2,3,3,4,3,3,4,4,4,4,4,4,4,4,4,4,3,3,3,3,3,3,3.0,3.0,4.0,3.25
Laki-laki,Semester 7,2023,Departemen Teknik Informatika dan Komputer (DTIK),S.Tr. Teknik Komputer,4,4,1,3,3,2,2,1,3,3,3,4,4,3,3,5,3,4,5,2,4,5,3,3,3,5,4,5,5,5,5,2,5,2.5555555555555554,3.5,3.625,4.5
Laki-laki,Semester 7,2023,Departemen Teknologi Multimedia Kreatif (DTMK),S.Tr. Teknologi Game,3,2,2,4,3,5,4,4,4,2,3,3,3,2,3,4,4,5,5,5,5,4,4,4,4,2,3,3,3,4,2,4,2,3.4444444444444446,3.0,4.5,2.875
Laki-laki,Semester 1,2026,Departemen Teknik Informatika dan Komputer (DTIK),S.Tr. Teknik Informatika,5,5,5,5,5,5,5,2,4,5,5,4,5,5,5,3,5,5,5,5,5,5,5,5,5,5,5,3,3,4,5,2,5,4.555555555555555,4.625,5.0,4.0
Laki-laki,Semester 3,2025,Departemen Teknik Elektro (DTE),S.Tr. Teknik Telekomunikasi,3,3,1,3,3,3,3,1,2,3,2,2,3,3,3,2,2,3,3,3,3,3,2,1,2,3,3,3,3,3,3,3,3,2.4444444444444446,2.5,2.5,3.0
Perempuan,Semester 7,2023,Departemen Teknik Informatika dan Komputer (DTIK),S.Tr. Sains Data Terapan,3,4,2,4,4,5,5,1,4,4,2,4,5,2,4,4,5,5,5,5,5,5,5,5,5,4,3,5,5,5,3,4,4,3.5555555555555554,3.75,5.0,4.125
Perempuan,Semester 1,2026,Departemen Teknologi Multimedia Kreatif (DTMK),D3 Teknologi Multimedia dan Broadcasting,4,4,4,4,4,4,5,4,4,2,2,3,4,4,3,2,4,4,4,5,4,3,4,4,4,5,4,2,2,4,3,2,3,4.111111111111111,3.0,4.0,3.125
Perempuan,Semester 5,2024,Departemen Teknik Informatika dan Komputer (DTIK),D3 Teknik Informatika,4,4,2,2,3,5,5,5,4,3,3,4,4,4,4,4,4,4,4,5,3,4,3,4,3,2,2,4,4,4,1,3,1,3.7777777777777777,3.75,3.75,2.625
Perempuan,Semester 1,2026,Departemen Teknik Elektro (DTE),S.Tr. Teknologi Rekayasa Internet,3,3,2,5,4,5,3,1,3,3,2,5,5,3,3,4,5,5,5,3,5,2,4,5,5,5,2,3,3,3,3,3,3,3.2222222222222223,3.75,4.25,3.125
Perempuan,Semester 1,2026,Departemen Teknik Mekanika Energi (DTME),S.Tr. Teknik Mekatronika,3,4,2,5,3,1,4,5,5,4,4,5,4,4,4,4,5,5,5,4,5,5,5,5,5,4,4,4,3,4,3,3,3,3.5555555555555554,4.25,4.875,3.5
Perempuan,Semester 5,2024,Departemen Teknik Mekanika Energi (DTME),S.Tr. Teknik Mekatronika,4,4,3,3,4,4,2,2,4,4,3,4,4,4,3,4,4,3,3,3,4,3,3,3,2,4,3,3,4,3,3,2,2,3.3333333333333335,3.75,3.0,3.0
Laki-laki,Semester 3,2025,Departemen Teknik Informatika dan Komputer (DTIK),S.Tr. Teknik Informatika,4,3,4,4,2,5,4,2,4,4,4,4,4,4,4,2,4,4,5,4,4,5,4,4,4,3,3,4,3,3,3,3,3,3.5555555555555554,3.75,4.25,3.125
Laki-laki,Semester 3,2025,Departemen Teknik Mekanika Energi (DTME),S.Tr. Sistem Pembangkit Energi,3,3,2,4,2,3,3,2,3,2,3,3,3,2,3,2,3,3,3,3,4,4,4,4,4,3,3,3,3,3,4,2,3,2.7777777777777777,2.625,3.625,3.0
Laki-laki,Semester 1,2026,Departemen Teknik Elektro (DTE),S.Tr. Teknologi Rekayasa Keselamatan K3,1,1,1,1,1,3,4,2,1,1,1,3,1,1,3,3,4,5,5,5,5,3,2,4,4,5,3,4,4,4,3,3,3,1.6666666666666667,2.125,4.125,3.625
Laki-laki,Semester 1,2026,Departemen Teknik Informatika dan Komputer (DTIK),S.Tr. Sains Data Terapan,4,3,3,4,4,5,5,5,4,4,4,4,3,4,4,4,4,4,4,4,4,4,4,4,4,4,4,3,3,4,4,4,4,4.111111111111111,3.875,4.0,3.75
Laki-laki,Semester 5,2024,Departemen Teknik Elektro (DTE),S. Tr. Teknik Elektro Industri,2,2,2,4,3,4,2,3,3,3,3,3,4,2,2,3,4,4,5,4,4,2,2,4,4,5,4,4,5,4,5,5,4,2.7777777777777777,3.0,3.625,4.5
Laki-laki,Semester 1,2026,Departemen Teknik Mekanika Energi (DTME),S.Tr. Sistem Pembangkit Energi,3,3,3,4,3,4,4,3,3,3,3,3,3,3,3,3,4,4,4,4,3,4,4,4,4,4,4,3,3,3,3,3,3,3.3333333333333335,3.125,3.875,3.25
Perempuan,Semester 7,2023,Departemen Teknik Informatika dan Komputer (DTIK),S.Tr. Teknik Informatika,2,1,2,1,2,1,1,1,1,1,2,2,2,2,2,4,3,3,3,1,2,2,2,3,2,1,2,4,5,2,1,4,1,1.3333333333333333,2.25,2.25,2.5
Perempuan,Semester 1,2026,Departemen Teknologi Multimedia Kreatif (DTMK),S.Tr. Teknologi Rekayasa Multimedia,3,4,3,4,3,4,3,3,3,4,2,3,3,3,3,2,3,3,3,3,3,2,3,3,3,4,4,3,2,2,3,2,3,3.3333333333333335,2.875,2.875,2.875
Laki-laki,Semester 1,2026,Departemen Teknik Informatika dan Komputer (DTIK),S.Tr. Sains Data Terapan,2,3,2,3,2,3,3,2,3,2,2,1,3,2,3,3,3,3,4,3,3,3,3,4,4,4,4,4,4,3,2,2,2,2.5555555555555554,2.375,3.375,3.125
Laki-laki,Semester 5,2024,Departemen Teknik Elektro (DTE),S.Tr. Teknologi Rekayasa Internet,3,4,1,4,2,5,3,3,2,4,2,3,2,4,3,2,4,4,4,3,4,5,4,4,3,5,4,4,3,4,4,3,3,3.0,3.0,3.875,3.75
Laki-laki,Semester 3,2025,Departemen Teknik Elektro (DTE),S.Tr. Teknik Telekomunikasi,3,3,3,4,2,5,4,2,3,3,3,4,3,3,3,4,4,4,4,4,4,4,4,4,4,3,3,3,3,3,3,3,3,3.2222222222222223,3.375,4.0,3.0
Laki-laki,Semester 1,2026,Departemen Teknik Elektro (DTE),S.Tr. Teknologi Rekayasa Internet,4,3,3,4,2,5,5,3,3,3,3,4,3,3,3,2,4,4,4,4,4,4,4,4,4,3,3,4,2,4,3,2,3,3.5555555555555554,3.125,4.0,3.0
Laki-laki,Semester 1,2026,Departemen Teknik Elektro (DTE),S.Tr. Teknik Elektronika,5,4,3,5,5,5,5,5,5,4,3,4,5,5,5,4,5,5,5,5,5,5,5,5,5,4,5,5,5,5,5,5,5,4.666666666666667,4.375,5.0,4.875
Perempuan,Semester 3,2025,Departemen Teknologi Multimedia Kreatif (DTMK),S.Tr. Teknologi Rekayasa Multimedia,2,4,3,3,3,3,3,3,3,3,3,3,3,3,3,3,3,3,3,3,3,3,3,3,3,3,3,3,3,3,3,3,3,3.0,3.0,3.0,3.0
Perempuan,Semester 5,2024,Departemen Teknik Informatika dan Komputer (DTIK),S.Tr. Sains Data Terapan,2,3,1,4,2,5,5,3,2,3,4,2,2,2,3,5,5,3,4,5,4,5,4,5,5,1,4,4,4,5,2,3,2,3.0,3.25,4.375,3.125
Laki-laki,Semester 1,2026,Departemen Teknologi Multimedia Kreatif (DTMK),D3 Teknologi Multimedia dan Broadcasting,5,5,5,5,5,5,5,1,5,5,5,5,5,5,5,5,5,5,5,5,5,5,5,5,5,5,5,5,2,5,5,1,5,4.555555555555555,5.0,5.0,4.125
Laki-laki,Semester 5,2024,Departemen Teknologi Multimedia Kreatif (DTMK),S.Tr. Teknologi Game,4,5,4,4,4,4,4,5,4,3,4,4,4,3,3,4,4,5,4,5,5,5,5,5,4,3,4,4,3,3,4,2,3,4.222222222222222,3.625,4.75,3.25
Perempuan,Semester 3,2025,Departemen Teknik Elektro (DTE),S.Tr. Teknologi Rekayasa Internet,2,2,3,2,3,2,2,2,1,3,3,2,2,3,3,2,3,2,2,2,2,4,1,4,1,1,2,2,2,1,1,2,1,2.111111111111111,2.625,2.25,1.5
Perempuan,Semester 3,2025,Departemen Teknik Elektro (DTE),S.Tr. Teknologi Rekayasa Internet,3,2,3,5,3,2,4,1,3,3,3,2,2,1,2,3,2,3,2,2,3,3,3,4,2,1,1,3,1,1,1,1,2,2.888888888888889,2.25,2.75,1.375
Laki-laki,Semester 1,2026,Departemen Teknik Mekanika Energi (DTME),S.Tr. Teknologi Rekayasa Perancangan Manufaktur,4,4,3,5,4,5,1,4,4,4,4,2,4,4,4,1,4,5,3,1,4,5,3,4,4,4,5,5,3,4,5,5,5,3.7777777777777777,3.375,3.625,4.5
Laki-laki,Semester 1,2026,Departemen Teknologi Multimedia Kreatif (DTMK),S.Tr. Bisnis Digital,3,2,3,4,3,3,4,2,3,2,3,2,3,3,4,1,3,3,3,4,3,2,3,3,3,4,3,2,2,3,3,2,3,3.0,2.625,3.0,2.75
Laki-laki,Semester 1,2026,Departemen Teknik Mekanika Energi (DTME),S.Tr. Teknik Mekatronika,4,4,2,5,2,3,4,1,4,4,2,4,4,3,3,4,3,4,4,4,5,3,5,5,5,5,5,5,4,4,5,1,5,3.2222222222222223,3.375,4.375,4.25
Laki-laki,Semester 1,2026,Departemen Teknik Elektro (DTE),D3 Teknik Elektro Industri,3,3,1,4,3,4,4,3,2,3,1,4,4,3,3,3,3,4,4,4,4,4,4,4,4,3,4,4,4,4,4,4,4,3.0,3.0,4.0,3.875
Laki-laki,Semester 3,2025,Departemen Teknik Informatika dan Komputer (DTIK),D3 Teknik Informatika,3,2,3,3,1,3,2,5,3,2,3,3,1,2,2,5,3,3,3,2,3,1,3,3,3,3,3,3,2,2,1,3,3,2.7777777777777777,2.625,2.625,2.5
Perempuan,Semester 3,2025,Departemen Teknik Elektro (DTE),S.Tr. Teknik Elektronika,2,3,2,2,1,4,3,4,2,2,1,1,2,1,3,3,3,5,5,3,3,5,5,5,5,1,1,2,2,1,1,3,1,2.5555555555555554,2.0,4.5,1.5
Perempuan,Semester 3,2025,Departemen Teknik Elektro (DTE),S.Tr. Teknik Elektronika,3,3,2,2,2,2,4,4,3,3,2,2,3,3,3,5,4,5,5,5,5,5,3,4,5,3,3,2,3,3,2,3,3,2.7777777777777777,3.125,4.625,2.75
Laki-laki,Semester 1,2026,Departemen Teknologi Multimedia Kreatif (DTMK),S.Tr. Bisnis Digital,3,3,3,4,3,3,3,3,3,3,3,3,3,3,3,3,3,3,4,4,3,4,3,3,3,3,3,3,3,3,3,3,3,3.111111111111111,3.0,3.375,3.0
Laki-laki,Semester 1,2026,Departemen Teknik Elektro (DTE),D3 Teknik Elektro Industri,3,4,4,4,4,4,4,4,4,4,4,4,4,4,3,4,4,4,4,4,4,4,4,4,4,4,4,4,3,4,4,4,4,3.888888888888889,3.875,4.0,3.875
Laki-laki,Semester 1,2026,Departemen Teknik Elektro (DTE),D3 Teknik Elektro Industri,2,2,2,2,2,5,2,5,2,2,1,3,1,1,2,3,3,5,5,3,4,4,4,5,3,3,3,4,3,4,4,2,5,2.6666666666666665,2.0,4.125,3.5
Laki-laki,Semester 1,2026,Departemen Teknik Elektro (DTE),D3 Teknik Elektro Industri,5,4,4,4,4,5,4,4,4,4,4,4,4,4,4,4,4,4,4,4,4,4,4,4,4,4,4,4,4,4,4,4,4,4.222222222222222,4.0,4.0,4.0
Perempuan,Semester 3,2025,Departemen Teknik Elektro (DTE),S.Tr. Teknik Elektronika,2,2,2,2,2,2,2,2,2,2,2,2,2,2,2,2,2,2,2,2,2,2,2,2,2,2,2,2,2,2,2,2,2,2.0,2.0,2.0,2.0
Laki-laki,Semester 1,2026,Departemen Teknik Elektro (DTE),S.Tr. Teknologi Rekayasa Internet,5,5,2,3,5,5,1,3,5,4,1,4,5,5,3,3,5,5,3,3,5,5,4,5,5,2,3,5,3,5,1,4,5,3.7777777777777777,3.75,4.375,3.5
Laki-laki,Semester 1,2026,Departemen Teknologi Multimedia Kreatif (DTMK),D3 Teknologi Multimedia dan Broadcasting,5,3,3,5,5,5,5,3,4,3,3,4,5,2,5,5,5,5,5,4,5,3,3,5,5,5,4,5,4,4,5,5,5,4.222222222222222,4.0,4.375,4.625
Laki-laki,Semester 1,2026,Departemen Teknologi Multimedia Kreatif (DTMK),D3 Teknologi Multimedia dan Broadcasting,4,3,4,5,4,3,4,3,4,4,3,4,4,3,3,3,3,3,4,3,3,4,3,4,3,3,3,3,2,2,3,3,3,3.7777777777777777,3.375,3.375,2.75
Perempuan,Semester 3,2025,Departemen Teknologi Multimedia Kreatif (DTMK),D3 Teknologi Multimedia dan Broadcasting,3,3,4,2,3,4,4,4,4,2,3,3,3,3,3,3,3,3,3,3,3,4,3,3,3,2,3,3,3,3,3,3,3,3.4444444444444446,2.875,3.125,2.875
Laki-laki,Semester 5,2024,Departemen Teknik Informatika dan Komputer (DTIK),S.Tr. Sains Data Terapan,4,5,4,4,5,5,5,4,5,5,4,4,5,4,4,4,4,4,5,5,5,5,5,5,5,3,4,4,3,4,3,3,4,4.555555555555555,4.25,4.875,3.5
Laki-laki,Semester 3,2025,Departemen Teknik Informatika dan Komputer (DTIK),S.Tr. Sains Data Terapan,4,2,2,5,3,4,4,2,3,3,2,3,3,3,4,4,3,4,4,4,4,3,4,4,4,4,4,4,4,3,3,3,3,3.2222222222222223,3.125,3.875,3.5
Laki-laki,Semester 1,2026,Departemen Teknologi Multimedia Kreatif (DTMK),S.Tr. Teknologi Game,5,5,3,3,3,5,4,2,3,5,5,5,5,4,3,5,5,5,5,5,5,3,5,5,5,3,4,3,2,1,2,1,2,3.6666666666666665,4.625,4.75,2.25
Laki-laki,Semester 1,2026,Departemen Teknik Elektro (DTE),S. Tr. Teknik Elektro Industri,4,4,2,5,3,5,5,3,4,4,3,4,5,5,3,4,5,5,5,5,5,5,5,5,5,5,5,5,5,5,5,5,5,3.888888888888889,4.125,5.0,5.0
Laki-laki,Semester 1,2026,Departemen Teknik Mekanika Energi (DTME),S.Tr. Teknik Mekatronika,4,4,4,5,4,5,5,4,5,5,5,4,4,4,4,3,4,5,5,4,5,4,5,4,5,5,5,4,4,5,5,5,5,4.444444444444445,4.125,4.625,4.75
Laki-laki,Semester 1,2026,Departemen Teknik Informatika dan Komputer (DTIK),D3 Teknik Elektronika,3,4,5,4,4,5,4,3,5,5,4,3,4,4,4,5,4,5,5,5,3,3,5,4,3,4,4,4,4,4,4,4,3,4.111111111111111,4.125,4.125,3.875
Laki-laki,Semester 1,2026,Departemen Teknik Informatika dan Komputer (DTIK),D3 Teknik Informatika,4,4,3,4,4,3,3,4,5,4,4,3,5,2,3,4,4,4,4,4,4,4,5,5,4,1,3,4,2,3,3,3,3,3.7777777777777777,3.625,4.25,2.75
Laki-laki,Semester 1,2026,Departemen Teknik Elektro (DTE),S.Tr. Teknologi Rekayasa Internet,3,3,2,3,3,4,3,1,3,3,3,3,3,3,3,4,3,4,4,4,3,3,3,3,3,5,4,3,3,4,3,3,3,2.7777777777777777,3.125,3.375,3.5
Perempuan,Semester 1,2026,Departemen Teknik Elektro (DTE),S.Tr. Teknik Elektronika,5,3,1,4,2,3,3,4,3,2,1,2,1,2,4,1,3,4,5,4,4,4,4,4,3,4,4,4,2,3,3,4,3,3.111111111111111,2.0,4.0,3.375
Laki-laki,Semester 1,2026,Departemen Teknik Informatika dan Komputer (DTIK),D3 Teknik Informatika,5,5,5,5,5,5,5,5,5,5,5,5,5,5,5,5,5,5,5,5,5,5,5,5,5,5,5,5,5,5,5,5,5,5.0,5.0,5.0,5.0
Laki-laki,Semester 5,2024,Departemen Teknik Elektro (DTE),S.Tr. Teknologi Rekayasa Internet,5,5,5,5,5,5,5,5,5,5,5,5,5,5,5,5,5,5,5,5,5,5,5,5,5,5,5,5,5,5,5,5,5,5.0,5.0,5.0,5.0
Laki-laki,Semester 5,2024,Departemen Teknik Informatika dan Komputer (DTIK),S.Tr. Sains Data Terapan,5,4,4,4,5,5,5,4,4,4,4,5,5,4,4,5,5,3,5,4,5,4,5,4,5,4,5,4,5,4,5,4,3,4.444444444444445,4.5,4.375,4.25
Laki-laki,Semester 1,2026,Departemen Teknik Elektro (DTE),D3 Teknik Elektronika,4,5,1,3,2,3,1,4,3,3,2,5,4,2,4,4,3,4,5,2,4,2,4,5,4,5,4,3,1,5,5,4,5,2.888888888888889,3.375,3.75,4.0
Laki-laki,Semester 1,2026,Departemen Teknik Elektro (DTE),D3 Teknik Elektronika,4,3,2,2,3,4,2,4,4,4,2,3,3,3,3,4,4,4,4,4,4,4,5,5,5,5,4,4,4,4,4,4,4,3.111111111111111,3.25,4.375,4.125
Laki-laki,Semester 1,2026,Departemen Teknik Mekanika Energi (DTME),S.Tr. Teknologi Rekayasa Perancangan Manufaktur,4,4,4,4,4,4,4,4,4,4,4,4,4,4,4,4,4,4,4,4,5,4,4,4,4,4,4,4,3,5,5,5,5,4.0,4.0,4.125,4.375
Laki-laki,Semester 1,2026,Departemen Teknik Elektro (DTE),D3 Teknik Elektronika,4,4,4,4,4,5,5,5,4,3,3,4,3,4,4,4,4,4,4,5,4,4,4,4,4,4,4,3,3,4,3,3,4,4.333333333333333,3.625,4.125,3.5
Perempuan,Semester 1,2026,Departemen Teknologi Multimedia Kreatif (DTMK),S.Tr. Teknologi Rekayasa Multimedia,3,3,2,3,3,5,5,3,3,3,3,3,3,3,3,3,3,3,3,3,3,3,3,3,3,3,3,3,3,3,3,3,3,3.3333333333333335,3.0,3.0,3.0
Laki-laki,Semester 1,2026,Departemen Teknik Elektro (DTE),D3 Teknik Elektronika,5,5,5,5,5,5,5,5,5,5,5,5,5,4,5,5,4,5,5,5,5,5,5,5,5,3,3,3,2,3,3,2,2,5.0,4.75,5.0,2.625
Laki-laki,Semester 5,2024,Departemen Teknik Informatika dan Komputer (DTIK),S.Tr. Sains Data Terapan,4,3,5,4,4,2,5,3,4,3,4,3,3,4,4,3,4,4,4,5,5,4,5,5,5,3,2,2,3,2,2,3,3,3.7777777777777777,3.5,4.625,2.5
Laki-laki,Semester 3,2025,Departemen Teknik Informatika dan Komputer (DTIK),S.Tr. Sains Data Terapan,4,3,4,2,2,2,3,2,3,4,3,2,4,2,2,4,4,5,5,4,3,4,3,5,4,2,3,5,5,3,3,2,3,2.7777777777777777,3.125,4.125,3.25
Laki-laki,Semester 5,2024,Departemen Teknik Informatika dan Komputer (DTIK),S.Tr. Sains Data Terapan,3,2,4,4,2,5,4,3,3,1,3,3,3,1,2,4,4,4,5,4,4,5,4,3,3,4,3,4,4,3,2,1,3,3.3333333333333335,2.625,4.0,3.0
Perempuan,Semester 1,2026,Departemen Teknik Informatika dan Komputer (DTIK),S.Tr. Teknik Komputer,4,4,3,5,3,5,3,5,4,5,3,3,5,5,3,2,4,5,5,3,4,4,5,4,5,3,3,5,3,5,3,2,4,4.0,3.75,4.375,3.5
Laki-laki,Semester 1,2026,Departemen Teknik Mekanika Energi (DTME),S.Tr. Teknik Mekatronika,3,4,3,5,3,4,4,5,5,4,4,3,4,4,2,3,3,4,4,4,4,3,4,4,4,3,3,2,2,4,4,4,3,4.0,3.375,3.875,3.125
Perempuan,Semester 5,2024,Departemen Teknik Informatika dan Komputer (DTIK),S.Tr. Sains Data Terapan,5,5,2,4,4,5,5,3,4,4,4,4,4,4,4,4,4,4,4,4,4,4,3,3,3,3,4,4,3,3,3,2,4,4.111111111111111,4.0,3.625,3.25
Laki-laki,Semester 5,2024,Departemen Teknik Informatika dan Komputer (DTIK),S.Tr. Sains Data Terapan,4,3,2,3,2,4,4,2,3,2,2,3,2,1,3,5,4,4,4,4,3,4,3,5,4,4,4,5,4,4,5,5,5,3.0,2.75,3.875,4.5
Laki-laki,Semester 5,2024,Departemen Teknik Informatika dan Komputer (DTIK),S.Tr. Sains Data Terapan,4,4,3,3,4,4,5,2,4,4,3,4,4,4,4,4,4,4,4,4,4,4,4,4,4,3,3,3,4,3,3,3,3,3.6666666666666665,3.875,4.0,3.125
Laki-laki,Semester 5,2024,Departemen Teknik Informatika dan Komputer (DTIK),S.Tr. Sains Data Terapan,4,4,5,4,4,5,4,3,4,4,3,3,4,3,4,3,4,5,4,4,3,4,4,4,4,2,3,4,4,3,2,4,3,4.111111111111111,3.5,4.0,3.125
Laki-laki,Semester 1,2026,Departemen Teknik Mekanika Energi (DTME),S.Tr. Sistem Pembangkit Energi,5,5,3,5,5,5,5,4,5,5,4,5,5,5,5,4,5,5,5,5,5,5,5,5,5,4,4,5,4,5,4,3,4,4.666666666666667,4.75,5.0,4.125
Laki-laki,Semester 1,2026,Departemen Teknik Elektro (DTE),D3 Teknik Elektronika,4,4,2,3,2,4,3,2,3,3,2,3,3,2,3,3,2,3,4,3,3,3,4,3,3,2,2,3,2,2,2,2,2,3.0,2.625,3.25,2.125
Laki-laki,Semester 5,2024,Departemen Teknik Informatika dan Komputer (DTIK),S.Tr. Sains Data Terapan,4,3,2,4,4,5,3,1,2,2,3,4,3,2,3,4,3,3,4,3,4,5,4,5,3,2,4,4,3,1,2,2,5,3.111111111111111,3.0,3.875,2.875
Laki-laki,Semester 1,2026,Departemen Teknik Mekanika Energi (DTME),S.Tr. Sistem Pembangkit Energi,3,2,1,4,4,5,4,1,3,3,1,3,4,1,3,3,4,3,4,3,3,5,3,4,3,4,1,3,1,3,1,2,3,3.0,2.75,3.5,2.25
Perempuan,Semester 1,2026,Departemen Teknologi Multimedia Kreatif (DTMK),S.Tr. Teknologi Game,4,5,5,5,5,5,3,1,4,5,5,4,5,4,5,3,5,5,5,5,5,5,5,5,5,2,1,3,1,1,1,1,1,4.111111111111111,4.5,5.0,1.375
Laki-laki,Semester 1,2026,Departemen Teknik Mekanika Energi (DTME),S.Tr. Teknik Mekatronika,2,3,2,3,3,4,5,5,2,4,2,2,3,4,4,3,4,3,5,1,3,2,3,3,3,3,4,2,3,4,2,4,3,3.2222222222222223,3.25,2.875,3.125
Laki-laki,Semester 1,2026,Departemen Teknik Elektro (DTE),S. Tr. Teknik Elektro Industri,4,5,2,5,3,3,4,5,4,5,2,3,4,4,3,3,3,5,5,5,4,5,3,4,4,3,2,3,2,1,3,1,4,3.888888888888889,3.375,4.375,2.375
Perempuan,Semester 1,2026,Departemen Teknik Informatika dan Komputer (DTIK),S.Tr. Teknik Informatika,4,4,4,4,4,4,4,4,4,4,4,4,4,4,4,4,4,4,4,4,4,4,4,4,4,4,4,4,4,4,4,4,4,4.0,4.0,4.0,4.0
Laki-laki,Semester 1,2026,Departemen Teknik Mekanika Energi (DTME),S.Tr. Teknik Mekatronika,1,1,2,2,2,5,2,1,2,2,3,1,2,1,2,2,2,3,3,1,2,3,2,4,2,2,3,2,2,1,1,1,2,2.0,1.875,2.5,1.75
Perempuan,Semester 1,2026,Departemen Teknik Informatika dan Komputer (DTIK),S.Tr. Teknik Komputer,5,4,4,5,4,5,5,4,4,4,4,4,4,3,4,3,5,5,4,5,4,3,4,4,4,4,4,5,4,4,4,4,4,4.444444444444445,3.875,4.125,4.125
Perempuan,Semester 1,2026,Departemen Teknik Informatika dan Komputer (DTIK),S.Tr. Sains Data Terapan,3,5,3,3,3,5,5,5,5,5,5,5,5,5,5,4,5,5,5,5,5,5,5,5,5,4,3,4,3,3,5,5,3,4.111111111111111,4.875,5.0,3.75
Laki-laki,Semester 1,2026,Departemen Teknik Elektro (DTE),S.Tr. Teknik Telekomunikasi,1,3,3,1,2,1,3,5,1,3,2,2,2,5,5,4,3,3,3,3,3,4,4,3,5,3,3,3,4,3,2,3,1,2.2222222222222223,3.25,3.5,2.75
Laki-laki,Semester 1,2026,Departemen Teknik Informatika dan Komputer (DTIK),S.Tr. Teknik Komputer,3,4,2,5,3,5,5,5,5,4,3,4,4,3,2,3,5,5,5,5,5,5,5,5,5,5,5,5,1,5,5,1,4,4.111111111111111,3.5,5.0,3.875
Laki-laki,Semester 1,2026,Departemen Teknologi Multimedia Kreatif (DTMK),D3 Teknologi Multimedia dan Broadcasting,5,3,3,5,5,2,5,2,3,3,3,4,4,3,5,3,5,5,5,1,5,2,5,4,5,3,3,3,3,3,3,3,3,3.6666666666666665,3.75,4.0,3.0
Laki-laki,Semester 3,2025,Departemen Teknik Informatika dan Komputer (DTIK),S.Tr. Sains Data Terapan,4,3,1,3,1,4,5,2,3,3,2,4,3,3,3,5,5,5,5,5,5,4,5,5,5,5,4,3,4,2,3,4,4,2.888888888888889,3.5,4.875,3.625
Perempuan,Semester 1,2026,Departemen Teknik Elektro (DTE),D3 Teknik Elektro Industri,5,5,5,5,5,5,5,5,5,4,2,5,5,5,5,5,5,5,5,5,5,5,5,5,5,3,5,5,3,4,5,5,5,5.0,4.5,5.0,4.375
Laki-laki,Semester 1,2026,Departemen Teknik Elektro (DTE),D3 Teknik Elektro Industri,2,3,1,4,2,5,4,3,5,3,1,2,3,3,3,3,3,3,3,3,3,3,3,3,3,3,3,3,3,3,3,3,3,3.2222222222222223,2.625,3.0,3.0
Laki-laki,Semester 1,2026,Departemen Teknik Mekanika Energi (DTME),S.Tr. Teknologi Rekayasa Perancangan Manufaktur,4,4,3,5,3,4,4,2,4,3,3,3,3,4,4,3,4,5,5,5,5,2,4,4,4,3,3,3,3,3,3,3,3,3.6666666666666665,3.375,4.25,3.0
Perempuan,Semester 3,2025,Departemen Teknik Informatika dan Komputer (DTIK),S.Tr. Teknik Informatika,5,4,2,5,4,5,5,1,4,4,5,4,5,5,5,3,5,5,4,5,5,5,3,3,5,5,5,5,5,5,4,5,3,3.888888888888889,4.5,4.375,4.625
Laki-laki,Semester 1,2026,Departemen Teknologi Multimedia Kreatif (DTMK),S.Tr. Teknologi Game,4,4,4,5,4,3,4,4,4,3,4,4,4,4,4,4,4,4,4,4,4,4,5,5,4,4,2,3,3,3,3,4,3,4.0,3.875,4.25,3.125
Perempuan,Semester 5,2024,Departemen Teknik Informatika dan Komputer (DTIK),S.Tr. Sains Data Terapan,2,4,1,2,3,2,4,2,2,2,1,3,2,2,2,3,2,4,3,5,4,4,3,3,3,4,4,3,1,3,2,3,2,2.4444444444444446,2.125,3.625,2.75
Laki-laki,Semester 3,2025,Departemen Teknik Informatika dan Komputer (DTIK),S.Tr. Teknik Komputer,2,2,2,3,3,2,4,2,3,3,3,3,4,3,3,1,3,4,5,4,4,4,4,4,4,2,2,3,2,4,3,3,3,2.5555555555555554,2.875,4.125,2.75
Laki-laki,Semester 3,2025,Departemen Teknik Informatika dan Komputer (DTIK),S.Tr. Sains Data Terapan,4,4,3,2,2,3,2,3,4,4,3,4,2,3,3,2,3,3,3,4,2,3,3,2,2,3,1,2,4,2,3,2,3,3.0,3.0,2.75,2.5
Laki-laki,Semester 3,2025,Departemen Teknik Elektro (DTE),S.Tr. Teknik Elektronika,2,3,2,2,2,3,3,2,4,3,2,3,3,3,3,3,3,4,4,4,3,4,4,4,4,3,2,2,3,2,1,2,2,2.5555555555555554,2.875,3.875,2.125
Perempuan,Semester 5,2024,Departemen Teknik Informatika dan Komputer (DTIK),S.Tr. Sains Data Terapan,4,4,5,3,3,5,4,5,5,4,3,5,4,5,4,5,5,4,4,5,5,4,5,4,5,4,5,5,5,4,5,4,5,4.222222222222222,4.375,4.5,4.625
Perempuan,Semester 5,2024,Departemen Teknik Informatika dan Komputer (DTIK),S.Tr. Sains Data Terapan,3,4,1,3,3,2,2,4,3,3,3,4,3,4,4,4,2,5,5,2,4,5,4,4,4,3,4,4,3,3,3,2,2,2.7777777777777777,3.375,4.125,3.0
Laki-laki,Semester 3,2025,Departemen Teknik Informatika dan Komputer (DTIK),S.Tr. Sains Data Terapan,3,3,2,4,4,4,3,3,3,3,1,2,3,3,4,4,4,3,4,3,3,3,3,3,3,4,3,4,4,3,3,2,3,3.2222222222222223,3.0,3.125,3.25
Perempuan,Semester 3,2026,Departemen Teknik Informatika dan Komputer (DTIK),S.Tr. Sains Data Terapan,4,3,3,5,4,5,4,4,4,4,3,3,4,4,4,3,4,4,5,5,5,4,4,5,4,3,3,4,2,2,2,4,3,4.0,3.625,4.5,2.875
Laki-laki,Semester 3,2025,Departemen Teknik Elektro (DTE),S.Tr. Teknik Elektronika,3,3,2,3,4,2,2,2,3,3,2,3,2,3,3,4,5,4,3,4,4,4,4,4,4,3,3,3,3,4,4,4,4,2.6666666666666665,3.125,3.875,3.5
Laki-laki,Semester 3,2025,Departemen Teknik Elektro (DTE),S.Tr. Teknologi Rekayasa Internet,3,4,3,4,4,2,3,2,4,4,4,3,3,4,3,4,4,3,4,3,4,4,4,4,4,3,4,4,2,3,4,2,4,3.2222222222222223,3.625,3.75,3.25
Laki-laki,Semester 3,2025,Departemen Teknik Mekanika Energi (DTME),S.Tr. Teknik Mekatronika,5,5,3,4,5,5,5,3,4,5,3,3,5,5,4,3,4,5,5,5,5,5,4,5,4,4,4,5,4,4,5,4,5,4.333333333333333,4.0,4.75,4.375
Laki-laki,Semester 3,2025,Departemen Teknologi Multimedia Kreatif (DTMK),S.Tr. Teknologi Game,1,5,3,1,2,1,1,3,1,3,4,2,3,3,1,5,3,1,1,1,1,4,1,4,1,1,1,4,2,3,5,1,2,2.0,3.0,1.75,2.375
Laki-laki,Semester 3,2025,Departemen Teknik Informatika dan Komputer (DTIK),S.Tr. Teknik Informatika,3,3,2,2,3,2,3,3,2,3,3,3,3,3,3,3,3,3,3,5,3,3,3,3,3,3,3,3,3,3,3,3,3,2.5555555555555554,3.0,3.25,3.0
Laki-laki,Semester 3,2025,Departemen Teknik Informatika dan Komputer (DTIK),S.Tr. Teknik Komputer,4,2,1,3,2,4,2,1,3,2,4,2,4,3,1,4,3,4,5,4,5,5,5,5,5,1,1,4,2,2,2,1,1,2.4444444444444446,2.875,4.75,1.75
Laki-laki,Semester 3,2025,Departemen Teknik Mekanika Energi (DTME),S.Tr. Teknik Mekatronika,2,3,4,2,3,5,4,1,3,3,3,3,4,3,3,3,3,4,5,4,4,4,4,4,4,4,4,4,2,4,3,4,4,3.0,3.125,4.125,3.625
Perempuan,Semester 3,2025,Departemen Teknik Elektro (DTE),S.Tr. Teknik Elektronika,2,2,1,3,1,4,2,1,1,2,2,1,2,2,1,2,1,3,2,1,3,4,3,2,1,1,3,1,1,2,1,1,1,1.8888888888888888,1.625,2.375,1.375
Laki-laki,Semester 3,2025,Departemen Teknik Elektro (DTE),D3 Teknik Elektro Industri,4,4,4,4,4,3,5,5,5,4,4,4,4,4,4,4,4,4,4,4,4,4,4,4,4,4,4,4,4,4,4,4,4,4.222222222222222,4.0,4.0,4.0
Laki-laki,Semester 1,2026,Departemen Teknik Elektro (DTE),S. Tr. Teknik Elektro Industri,2,3,1,3,2,4,5,2,2,2,1,2,3,3,3,2,3,4,4,4,3,3,3,5,4,4,4,3,3,3,2,2,3,2.6666666666666665,2.375,3.75,3.0
