student_id,gender,semester,prodi,wellbeing,academic_pressure,social_support,career_readiness,keluhan_akademik,kebutuhan_karier
MHS-001,Laki-laki,5,Teknik Elektro Industri,66.7,43.8,75.0,53.1,Fasilitas laboratorium yang mungkin harus lebih diperhatikan khususnya alat ukur konvesional,Pelatihan yang akan dibuat bekal di dunia kerja
MHS-002,Perempuan,3,Teknologi Multimedia Broadcasting,41.7,53.1,59.4,6.2,"merasa kapasitas otak tidak mumpuni, yang akhirnya dapat berdampak kepada tugas kelompok saya, kurang dapat diandalkan.",mungkin dukungan mental? bingung jugaa
MHS-003,Laki-laki,5,Teknik Informatika,61.1,40.6,59.4,43.8,Wifi PENS busuk,Koneksi orang dalam
MHS-004,Laki-laki,5,Sains Data Terapan,63.9,31.2,68.8,59.4,Dosen kurang disiplin dan visi,Informasi skills atau pekerjaan yang kebutuhan  kondisi di indonesia dan tren saat ini dan kedepannya
MHS-005,Laki-laki,5,Teknik Informatika,44.4,37.5,93.8,3.1,Kurangnya arahan eksplorasi,Langsung diskusi dengan pihak industri bahwa sekarany industri butuh teknologi apa. Karena sekarang banyak ai
MHS-006,Perempuan,3,Teknik Komputer,44.4,53.1,65.6,28.1,perlu adanya aturan untuk dosen yang mengganti jadwal kuliah mendadak,info loker yang mudah diakses dan melimpah
MHS-007,Laki-laki,5,Sains Data Terapan,25.0,50.0,50.0,53.1,Wifi PENS,"Koneksi alumni, portofolio"
MHS-008,Laki-laki,1,Sistem Informasi,61.1,50.0,62.5,53.1,Menurut saya dosen sebaiknya memberikan file / ppt dari materi yang di jelaskan setelah kelas selesai jadi mahasiswa bisa mereview ulang. Karena kadang kalau mencatat sulit menyesuaikan dengan tempo dosen.,Jujur sebagai maba saya masih belum terlalu mengulik ini. Cuma menurut saya ada baiknya untuk mengadakan mentoring atau seminar dari alumni prodi yang saya ambil. Jadi memiliki gambaran arah karier yang lebih jelas lagi
MHS-009,Laki-laki,1,Teknik Komputer,50.0,50.0,75.0,56.2,Jarkomnya jangan terlalu mendadak,Tidak tau
MHS-010,Laki-laki,7,Teknik Komputer,38.9,37.5,65.6,87.5,-,"Dukungan berupa fasilitas pelatihan dan sertifikasi internasional (seperti Oracle, CCNA, AWS, dll.) dengan skema diskon akademik atau gratis bagi mahasiswa akhir, yang dulunya difasilitasi oleh Unit Training PENS/EIC"
MHS-011,Laki-laki,7,Teknologi Game,61.1,50.0,87.5,46.9,"Jadwal yang sering dipindah atau jam kosong karena dosen berhalangan hadir, rencana studi yang matang dari prodi","Sertifikasi, informasi lowongan yang transparan"
MHS-012,Laki-laki,1,Teknik Informatika,88.9,9.4,100.0,75.0,Mungkin dosen yang jarang masuk,-
MHS-013,Laki-laki,3,Teknik Telekomunikasi,36.1,62.5,37.5,50.0,"Tumpukan tugas yang kuantitasnya tinggi namun kurang memberikan nilai tambah pada pemahaman materi secara mendalam. Dosen yang hanya mengandalkan metode ceramah satu arah tanpa adanya diskusi interaktif atau praktik yang memadai. Kurangnya akses atau fasilitas yang memadai pada laboratorium hingga koneksi internet kampus lelet. Portal akademik (ETHOL, ONLINE MIS) yang sering mengalami gangguan.","Akses jalur magang resmi ke perusahaan terpercaya yang membuka peluang placement (penempatan kerja tetap). Layanan rutin pembuatan CV profesional, simulasi interview (wawancara kerja), dan bursa kerja (job fair). Pelatihan presentasi, negosiasi, dan pemecahan masalah kompleks.: Workshop membangun portofolio digital dan jejaring profesional (networking). Dosen dan praktisi bersama-sama merancang materi agar selaras dengan kebutuhan pasar saat ini."
MHS-014,Perempuan,7,Sains Data Terapan,63.9,31.2,100.0,78.1,akses wifi dan penunjang praktikum,kecepatan yudisium atau status lulus untuk menunjang keikutsertaan pada program pemerintah
MHS-015,Perempuan,1,Teknologi Multimedia Broadcasting,77.8,50.0,75.0,53.1,kebutuhan teknis ... kayak laptop itu diperluin bgt diperkuliahan terutama politeknik ini tapi sayangnya gak semua keadaan mahasiswa nya memadai.,jujur ya dukungan finansial ... karna banyak hal yang mau aku lakuin buat belajar dan berkembang tapi selalu dihambat dibatasi sama masalah finansial ini 💔 i hate the country's economy in this era 😓💔
MHS-016,Perempuan,5,Teknik Informatika,69.4,31.2,68.8,40.6,Jadwal matkul yang tiba-tiba diganti. Parkiran yang lama karena antrinya cukup lama dan membuat capek,Tolong tambah dosen. Dosen sekarang kebanyakan lagi overload. Apalagi habis nambah kelas dan jurusan
MHS-017,Perempuan,1,S.Tr. Teknologi Rekayasa Internet,55.6,31.2,81.2,53.1,Bapak yang suka nambah laprak seenak makan cibus,Pelatihan
MHS-018,Perempuan,1,Teknik Mekatronika,63.9,18.8,96.9,62.5,jadwal dadakan dan rundown tidak transparan,Sumber informasi yang jelas
MHS-019,Perempuan,5,Teknik Mekatronika,58.3,31.2,50.0,50.0,"Saat kesusahan, saya bingung meminta bantuan siapa. Karena, teman terdekat saya pun sifatnya sok pintar dan menyuruh saya harus berusaha sendiri. Padahal saya sedang bertanya, bukan menyontek.","Untuk semester 5 ini, saya harap kampus memberikan banyak lowongan magang bagi mahasiswa yg akan beranjak ke semester 6. Saya benar² sangat butuh informasi tempat magang nanti."
MHS-020,Laki-laki,3,Teknik Informatika,63.9,31.2,81.2,53.1,Jadwal berubah ubah gara gara dosen,Persiapan dunia kerja seperti softskills
MHS-021,Laki-laki,3,Sistem Informasi,44.4,59.4,65.6,50.0,"Fasilitas kelas yang overload, banyak matakualiah yang digabung menjadi serentak 4 kelas. Menurut saya tidak efektif",Beasiswa
MHS-022,Laki-laki,1,S.Tr. Teknologi Rekayasa Keselamatan K3,16.7,71.9,78.1,65.6,"KURANG ISTIRAHAT, TERLALU BANYAK ACARA DILUAR KONTEKS AKADEMIK",kuliah tamu mengenai perindustrian
MHS-023,Laki-laki,1,Sains Data Terapan,77.8,28.1,75.0,68.8,Aplikasi Manajemen Perkuliahan Ethol yang sering error,Dukungan berupa job fair yang diselenggarakan di kampus
MHS-024,Laki-laki,5,Teknik Elektro Industri,44.4,50.0,65.6,87.5,dosen telat atau geser matkul sesuka hati,job hunting
MHS-025,Laki-laki,1,Sistem Informasi,58.3,46.9,71.9,56.2,ethol error,dukungan akademik
MHS-026,Perempuan,7,Teknik Informatika,8.3,68.8,31.2,37.5,sulit mencerna pelajaran ketika perut lapar dan badan kelelahan karena mencari uang.,-
MHS-027,Perempuan,1,Teknologi Multimedia Broadcasting,58.3,53.1,46.9,46.9,WiFi kampus yang lambat dan web yang sering down,program magang yang terhubung langsung dengan industri serta pelatihan keterampilan kerja praktis
MHS-028,Laki-laki,1,Sains Data Terapan,38.9,65.6,59.4,53.1,"Mungkin tidak ada karena saya rasa, saya sendiri yang tidak cepat memahami materi dalam perkuliahan",Magang mungkin dapat lebih lama
MHS-029,Laki-laki,5,S.Tr. Teknologi Rekayasa Internet,50.0,50.0,71.9,68.8,-,-
MHS-030,Laki-laki,3,Teknik Telekomunikasi,55.6,40.6,75.0,50.0,Matkul statistik astagfirullah,"Saya butuh arahan untuk kedepannya bagaimana, untuk di dunia kerja dan magang"
MHS-031,Laki-laki,1,S.Tr. Teknologi Rekayasa Internet,63.9,46.9,75.0,50.0,"absensi ethol yang tidak memiliki keaamanan, dan mahasiswa tetap masih bisa absen walau tidak sedang berada di kelas (bolos)",
MHS-032,Laki-laki,1,Teknik Elektro Industri,91.7,15.6,100.0,96.9,"Kendala akademik yang paling sering saya alami adalah kesulitan mengatur waktu antara perkuliahan, praktikum, dan tugas yang terkadang memiliki tenggat waktu berdekatan.",Relasi kampus dengan perusahaan besar
MHS-033,Perempuan,3,Teknologi Multimedia Broadcasting,50.0,50.0,50.0,50.0,kadang dosen yang bilang matkul terus gak datang,"fasilitas sih biar nyaman di kampus parkiran dibangun, fasilitas yang rusak dibenerin, alat2 lab dibanyakin biar kita belajar dengan sungguh-sungguh"
MHS-034,Perempuan,5,Sains Data Terapan,50.0,43.8,84.4,53.1,Saya rasa pemberian tugas yang kurang linier dengan program studi saya cukup membebani dikarenakan banyak materi yang tidak didapatkan dari perkuliahan yang menunjung pengerjaan tugas tersebut.,Platform satu pintu untuk mengakses semua informasi akan sangat membantu
MHS-035,Laki-laki,1,Teknologi Multimedia Broadcasting,88.9,0.0,100.0,78.1,Dari segi finansial yang cukup mencekam akan keberlanjutan kehidupan kampus saya.,Pelatihan rutinan
MHS-036,Laki-laki,5,Teknologi Game,80.6,34.4,93.8,56.2,"Dosen dan Wali Kelas yang biasanya sibuk sehingga jarang komunikasi dengan mahasiswa, serta penerapan SKEM yang membuat mahasiswa mengikuti banyak kegiatan tambahan setiap semester untuk memenuhi minimal sks.","Koneksi industri, pilihan magang, dan roadmap kerja."
MHS-037,Perempuan,3,S.Tr. Teknologi Rekayasa Internet,27.8,59.4,31.2,12.5,"Kalo bisa jangan banyak banyak tugas yg berkelompok. Mau berkelompok sama temen yg saya akrab pun tetep gabisa, saya pengen ngerjain dengan cara saya sendiri tanpa tekanan waktu atau tekanan apapun dari yg lain. Dan terhindar dari kekhawatiran apakh saya sudah cukup membantu dlm kelompok? Apakah saya seharusnya menambahkan ini dibagian ini? Karena standar pengerjaan saya dan teman berbeda. Saya ngerasa insecure sama temen yg pintar pintar sedangkan saya goblok bgt, sering ngerasa bersalah karena mereka harus gendong saya. Dan saya gatau kenapa semester ini ngga betah di kampus lama lama, pengen cepet pulang aja jadi kalo ada hal yg perlu dibahas di kampus mengenai tugas kelompok saya ngerasa tertekan banget.","Saya nggak tahu, saya cuma pengen tau saya pengen pekerjaan yg seperti apa, saya ngerasa nggak punya kemampuan apa apa. Saya takut gabisa jadi apa apa di masa depan."
MHS-038,Perempuan,3,S.Tr. Teknologi Rekayasa Internet,47.2,68.8,43.8,9.4,"Sistem yang terburu-buru.Tidak semua mata kuliah, tetapi beberapa sangat membuat kewalahan karena praktikumnya berkelompok. Saya paling bodoh di kelompok karena itu membuat saya kewalahan. Tidak ada waktu untuk memahami cara kerja praktikumnya. Karena terburu-buru dan butuh demo beberapa percobaan, alhasil yang mengerjakan hanya teman yang jago, membuat saya merasa tidak berguna dalam kelompok. Jadi, saya berharap saat praktikum tidak mengejar hasil, tapi mengejar proses, apa yang sudah didapatkan pada praktikum itu serta saya berharap tidak ada praktikum yang berkelompok karena pasti nanti ada yang tidak memahami praktikum tersebut.",Mentoring yang lebih memperhatikan setiap individu.
MHS-039,Laki-laki,1,S.Tr. Teknologi Rekayasa Perancangan Manufaktur,69.4,40.6,65.6,87.5,Jaringan internet (khususnya wifi) kurang mendukung proses belajar,Pelatihan soft skills dan hard skills dari kampus yang rutin diadakan sejak awal
MHS-040,Laki-laki,1,Sistem Informasi,50.0,59.4,50.0,43.8,"Kampus ini kalau bikin acara dadakan, niatnya emang biar mahasiswa selalu waspada kayak lagi latihan militer danDosen juga balas chat saya dengan kecepatan cahaya... cahaya bintang yang sudah mati.",Finansial.
MHS-041,Laki-laki,1,Teknik Mekatronika,55.6,40.6,84.4,81.2,"terkadang ada dosen yang share materi tidak di ethol, jadi kalau mau mencari terpisah pisah",info loker A1 yang Gacor
MHS-042,Laki-laki,1,Teknik Elektro Industri,50.0,50.0,75.0,71.9,dosen mud mud an dan deadline tugas yang mendadak diberikan serta informasi mendadak,hubungan ikatan alumni
MHS-043,Laki-laki,3,Teknik Informatika,44.4,59.4,40.6,37.5,Tidak ada kendala akademik yang paling sering saya alami,Mencari pekerjaan magang yang sesuai dengan skillnya
MHS-044,Perempuan,3,Teknik Elektro Industri,38.9,75.0,87.5,12.5,-,-
MHS-045,Perempuan,3,Teknik Elektro Industri,44.4,46.9,90.6,43.8,-,-
MHS-046,Laki-laki,1,Sistem Informasi,52.8,50.0,59.4,50.0,"Kalau perhatian kampus mungkin tidak ada, kalau pribadi adalah mengatur waktu","Dukungan pihak lain seperti ortu dan teman, serta dukungan dari diri sendiri dan iman yang kuat"
MHS-047,Laki-laki,1,Teknik Elektro Industri,72.2,28.1,75.0,71.9,"Kelas panas,tempat parkir yang kecil dan gate parkir yang cukup kecil dan sedikit",Untuk diberitau struktur kerja dalam industri
MHS-048,Laki-laki,1,Teknik Elektro Industri,41.7,75.0,78.1,62.5,kendala saya tentang terlambatan untuk mengumpukan tugas dikarenakansaya sakit dan miskom dengan komting dan setelah itu dosen saya tidak mau menjadi dosen pengajar saya/ sudah marah dengan saya dikarenakan telat mengumpulkan tugas tolong jangan disebar luaskan🙏🏻,dukungan lowongan pekerjaan
MHS-049,Laki-laki,1,Teknik Elektro Industri,80.6,25.0,75.0,75.0,"mempertimbangkan tugas atau pengumpulan tugas, karna keberatan di kumpulkan waktu deadline 1 hari saja",saya ingin memperluas ilmu saya untuk dunia kerja
MHS-050,Perempuan,3,Teknik Elektro Industri,25.0,75.0,25.0,25.0,Karena pada semester 1 dasar materi susah di pahami sampai sekarang masih tidak terlalu paham,Konseling one on one
MHS-051,Laki-laki,1,S.Tr. Teknologi Rekayasa Internet,69.4,31.2,84.4,62.5,cara mengajar/materi yang membosankan membuat ilmu tidak masuk,info lowongan kerja dan rekrutmen
MHS-052,Laki-laki,1,Teknologi Multimedia Broadcasting,80.6,25.0,84.4,90.6,Tidak ada,Moral dan psikologi
MHS-053,Laki-laki,1,Teknologi Multimedia Broadcasting,69.4,40.6,59.4,43.8,penjelasan materi dari dosen kurang atau materi yang diberikan kurang memadai untuk memahami materi tersebut,membantu dalam mempersiapkan ke dunia kerja atau menyebarkan informasi yang bermanfaat lainnya
MHS-054,Perempuan,3,Teknologi Multimedia Broadcasting,61.1,53.1,53.1,46.9,Jadwal mata kuliah yang terkadang tidak menentu dan dapat berubah,Dukungan finansial dan emotional
MHS-055,Laki-laki,5,Sains Data Terapan,88.9,18.8,96.9,62.5,beberapa dosen seperti kurang dalam penjelasannya dan terkadang vasilitas kampis seperti ac rusak sehingga mengganggu pembelajaran,"membutuhkan motivasi, partner kerja kampus lebih banyak dijurusan saya"
MHS-056,Laki-laki,3,Sains Data Terapan,55.6,46.9,71.9,62.5,"Jadwal Terlalu Padat, Dosen yang susah dihubungi",Belum tahu
MHS-057,Laki-laki,1,Teknologi Game,66.7,9.4,93.8,31.2,Gedung d4 panas,"Masi semster 1, masi clueless"
MHS-058,Laki-laki,1,Teknik Elektro Industri,72.2,21.9,100.0,100.0,aman,ordal
MHS-059,Laki-laki,1,Teknik Mekatronika,86.1,21.9,90.6,93.8,tidak ada,bimbingan dan workshop mengenai dunia pekerjaan
MHS-060,Laki-laki,1,Teknik Elektro Industri,77.8,21.9,78.1,71.9,Ya mungkin pas dosen ngeinfo klo kelasnya ngk jadi itu pas teman2 udah nyampe di kampus sih,Ya itu sih bimbingan mengasah softskill dan hard skill
MHS-061,Laki-laki,1,Teknik Informatika,69.4,34.4,81.2,43.8,-,beasiswa gratissss
MHS-062,Laki-laki,1,S.Tr. Teknologi Rekayasa Internet,44.4,46.9,59.4,62.5,Kegiatan Non akademik katanya Wajib tapi tidak penting ada saja,IKATAN ALUMNI PRODI TRI
MHS-063,Perempuan,1,Teknik Elektro Industri,52.8,75.0,75.0,59.4,,
MHS-064,Laki-laki,1,Teknik Informatika,100.0,0.0,100.0,100.0,"Menurut saya ada tidak ada sama sekali, jika ada mungkin seperti jam kampus yang terlalu mepet/banyak. saya ingin mempunyai waktu luang yang lebih banyak",Materi dan Relasi yang lebih banyak untuk mendukung kita untuk terus berkembang setiap waktu agar lebih siap siaga
MHS-065,Laki-laki,5,S.Tr. Teknologi Rekayasa Internet,100.0,0.0,100.0,100.0,-,ikatan alumni
MHS-066,Laki-laki,5,Sains Data Terapan,86.1,12.5,84.4,81.2,Udah jago,Psikolog
MHS-067,Laki-laki,1,Teknik Elektro Industri,47.2,40.6,68.8,75.0,"peralatan praktikum yang tidak memadai(power outlet, power supply dc, berbagai resistor, kondisi lab yang berantakan, kabel jumper, kurangnya voltmeter & amperemeter yang berfungsi sehingga harus meminjam dari kelas sebelah dan memakan waktu praktikum), dan guru"" yang sering tidak hadir dengan berbagai alasannya sehingga kami perlu belajar mandiri",-
MHS-068,Laki-laki,1,Teknik Elektro Industri,52.8,43.8,84.4,78.1,belum ada,proses magang yang lebih spesifik dan jelas
MHS-069,Laki-laki,1,S.Tr. Teknologi Rekayasa Perancangan Manufaktur,75.0,25.0,78.1,84.4,Aman,Ukm
MHS-070,Laki-laki,1,Teknik Elektro Industri,83.3,34.4,78.1,62.5,tdk ada,koneksi
MHS-071,Perempuan,1,Teknologi Multimedia Broadcasting,58.3,50.0,50.0,50.0,"Kegiatan yang diadakan pada jam 6 sore ke atas, informasi perihal kegiatan ambigu dan informasi yang diberikan mepet dengan hari pelaksanaan",Tidak ada
MHS-072,Laki-laki,1,Teknik Elektro Industri,100.0,6.2,100.0,40.6,belum ada,recomendasi magang yang jelas dari PENS
MHS-073,Laki-laki,5,Sains Data Terapan,69.4,37.5,90.6,37.5,Parkiran doang sih,Orang dalam :)
MHS-074,Laki-laki,3,Sains Data Terapan,44.4,46.9,78.1,56.2,"wifi kampus yang lemot, terus ethol yang sering error.","selain pengalaman dari tugas, praktik, kegiatan kampus. mungkin pelatihan nyata dunia kerja, pelatihan wawancara, cv, dll."
MHS-075,Laki-laki,5,Sains Data Terapan,58.3,59.4,75.0,50.0,-,Adanya konsultasi terkait kemampuan saat ini dan kebutuhan yang ada di dunia pekerjaan
MHS-076,Perempuan,1,Teknik Komputer,75.0,31.2,84.4,62.5,"Acara yang diumumkan mendadak, awalnya saya agak kesulitan mengikuti rangkaian acara yang sering diberi tahu mendadak itu, namun semakin kesini saya mulai beradaptasi dan menyesuaikan diri agar tetap bisa hadir pada rangkaian acara yang tak terduga dengan misalnya: Mengerjakan tugas tidak SKS. Kemudian ada beberapa dosen yang tidak memahami kami sebagai mahasiswa yang level kemampuannya masih dasar atau tidak memiliki latar belakang sama sekali pada mata kuliahnya, semua dianggap bisa dan disama ratakan. Memberi instruksi tidak jelas dan sulit dihubungi ketika mahasiswa ingin mengkonfirmasi instruksi yang dianggap masih kurang jelas. Tidak jarang mahasiswa malah dibuat tertekan dengan omelan yang membuat mahasiswa merasa bodoh atau lelet. Melainkan diajarkan agar paham, kami malah dibuat tertekan dan semangat belajar kami menjadi menurun dan kami jadi segan untuk bertanya karena pertanyaan mahasiswa tidak dihargai. Memang benar untuk materi yang tidak dipahami itu sekarang mahasiswa jadi dituntut untuk mencari informasi dan belajar sendiri diluar jam kelas, namun saya harap ada kesadaran tersendiri dari dosen bahwa kami sebagai mahasiswa ini juga seorang awam yang masih tidak tahu apa-apa, kami masih bodoh dan kami datang ke kampus untuk belajar dari dosen yang ahli agar kami dapat menguasai dan pintar di bidang kami masing-masing, kami tidak datang untuk dibuat merasa rendah karena kebodohan kami. Saya hanya mengharapkan suasana belajar yang lebih nyaman untuk kami para mahasiswa.","Belum tahu, saya masih semester 1."
MHS-077,Laki-laki,1,Teknik Mekatronika,75.0,40.6,71.9,53.1,mendapatkan tugas yang dadakan,dukungn kampus dan keluarga menurut saya sudah cukup
MHS-078,Perempuan,5,Sains Data Terapan,77.8,25.0,65.6,56.2,Blum ada,"Sertifikat kompetensi untuk nambah porto, pelatihan, info magang, info loker"
MHS-079,Laki-laki,5,Sains Data Terapan,50.0,56.2,71.9,87.5,tugas yang terlalu banyak,mengadakan pelatihan
MHS-080,Laki-laki,5,Sains Data Terapan,66.7,28.1,75.0,53.1,kurikulum yang sedikit kurang rapih dan redundan,Informasi dan rekomendasi
MHS-081,Laki-laki,5,Sains Data Terapan,77.8,37.5,75.0,53.1,Kepastian dosen dalam pelaksanaan perkuliahan,Pelatihan dan gambaran di dunia kerja
MHS-082,Laki-laki,1,Sistem Informasi,91.7,6.2,100.0,78.1,Lambatnya informasinya dan kurang canggih sistem informasi kampus,"Tolong samakan dengan ITS, yang terdapat kanal informasinya, media sosialnya, badan, ruangan, pengurus, ikatan alumni, dll sehingga mempermudah mahasiswa dalam memperoleh informasi"
MHS-083,Laki-laki,1,Teknik Elektro Industri,50.0,59.4,56.2,28.1,ETHOL gampang error,Dosen yang benar-benar suka mengajar dan mudah dipahami
MHS-084,Laki-laki,5,Sains Data Terapan,52.8,50.0,71.9,46.9,apa yang didapat dari materi kadang hanya angin lewat saja,Sertfifikasi
MHS-085,Laki-laki,1,Sistem Informasi,50.0,56.2,62.5,31.2,"Menurut saya , kegiatan UKM seringkali jadwalnya bertabrakan padahal untuk kegiatan yang mendidik hardskill seperti UKM itu sangatlah penting bagi mahasiswa untuk berkembang, jadi lebih baik di masukan ke akademik, maksud saya dari ""dimasukkan ke akademik"" adalah seharusnya UKM yang melatih skill teknik menjadi semacam kewajiban bagi mahasiswa, jadi sistem nya bukan hanya sebatas skem untuk kelulusan, dan sebaiknya kampus lebih banyak menyediakan entah itu seminar atau bahkan pelatihan saat liburan semester. Jadi bagi mahasiswa yang ingin memanfaatkan waktu untuk berkembang saat liburan semester bisa memiliki pilihan lebih untuk berkembang","Pelatihan, saya membutuhkan pelatihan hardskill yang  seharusnya disediakan pihak kampus"
MHS-086,Perempuan,1,Teknologi Game,77.8,12.5,100.0,9.4,tidak ada kendala akademik,"dukungan ilmu, mental, percaya diri, dan latihan saat dibawah tekanan"
MHS-087,Laki-laki,1,Teknik Mekatronika,55.6,43.8,46.9,53.1,perhatian lebih kepada murid dari SMA di praktikum yang tergolong mekanik,penjelasan alur menjelang akhir masa studi dan pasca studi menuju bekerja
MHS-088,Laki-laki,1,Teknik Elektro Industri,72.2,40.6,84.4,34.4,"Menurut saya, beberapa matkul teori belum maksimal dalam memberikan pembelajaran mengenai teori teori di matkul tersebut","Lowongan Kerja, Hubungan dengan Alumni, Program Magang, Pelatihan"
MHS-089,Perempuan,1,Teknik Informatika,75.0,25.0,75.0,75.0,Merasa tertinggal dari teman-teman lain,Pelatihan dan workshop juga pengadaan lomba di dalam kampus
MHS-090,Laki-laki,1,Teknik Mekatronika,25.0,78.1,37.5,18.8,"Saya kesulitan dalam proses ajar mengajar Dan saya juga kesulitan untuk meminta bantuan, saya juga merasa dikucilkan serta merasa kesulitan dalam memahami materi Dan Masih banyak masalah yang lain(saya butuh bantuan)","Arahan, testimoni, Dan rekomendasi"
MHS-091,Perempuan,1,Teknik Komputer,86.1,28.1,78.1,78.1,-,mencari tempat magang
MHS-092,Perempuan,1,Sains Data Terapan,77.8,3.1,100.0,68.8,-,memberikan magang dan bimbingan karir
MHS-093,Laki-laki,1,Teknik Telekomunikasi,30.6,43.8,62.5,43.8,Kurangnya waktu untuk memahami materi lebih lanjut,Adanya bimbingan dalam belajar materi mata kuliah
MHS-094,Laki-laki,1,Teknik Komputer,77.8,37.5,100.0,71.9,"Time management ku lumayan ngakak sih, sabtu minggu bukannya ngelaprak ama nugas malah kujadikan ajang istirahat ama tidur. saya sedang mencoba belajar time management mulai detik ini","Lebih ke training dan pelatihan atau sertifikasi sih. Karena as a computer engineering yang dilihat dari engineer adalah sertifikasi, project dan pelatihan mereka. jadi secara tidak langsung saya berharap bisa mendapat info tentang pelatihan, sertifikasi, seminar atau workshop (utamanya gratis) untuk penunjang di cv dan skill saya. sekian terimakasih"
MHS-095,Laki-laki,1,Teknologi Multimedia Broadcasting,66.7,31.2,75.0,50.0,saya tidak memiliki laptop,-
MHS-096,Laki-laki,3,Sains Data Terapan,47.2,37.5,96.9,65.6,Beban tugas yang secara bersamaan keluar banyak dengan deadline hampir bersamaan dan cukup mepet,Workshop atau pelatihan diluar jam akademik yang berfokus langsung ke kasus practical yang umum dalam dunia kerja masa kini
MHS-097,Perempuan,1,Teknik Elektro Industri,100.0,12.5,100.0,84.4,"Saya masih belum bisa baca gambar rangkaian untuk merngkainya, seenggaknya dosen² mengajari cara baca rangkaian listrik untuk dirangkai bagi Pemulaa","Pemahaman praktik dan teori secara mendalam, dukungan dari PT lain agar mempermudah collab, sharing season dan nambah relasi"
MHS-098,Laki-laki,1,Teknik Elektro Industri,55.6,59.4,50.0,50.0,Tidak ada,Relasi
MHS-099,Laki-laki,1,S.Tr. Teknologi Rekayasa Perancangan Manufaktur,66.7,40.6,81.2,50.0,"di karenakan saya dari SMA dan jurusan saya BAHASA, saya cukup kesulitan walau saya telat ilmu nya bersama teman saya, saya masih ingin mengejar anak” dan saya akan bertanya selalu kepada anak yang bisa","yang saya butuhkan yaitu perbanyak pratikum, karena saya lebih cepat paham langsung pratikum"
MHS-100,Perempuan,3,Teknik Informatika,72.2,12.5,84.4,90.6,Butuh banget poster atau informasi layanan psikolog di pens,belum ada
MHS-101,Laki-laki,1,Teknologi Game,75.0,28.1,81.2,53.1,"sinyalnya jelek, terutama lantai atas","koneksi, soft skill dan hard skill, portofolio"
MHS-102,Perempuan,5,Sains Data Terapan,36.1,71.9,65.6,43.8,"projek yg sangat banyak dan kebanyakan berkelompok dgn jumlah yg berbeda beda dan orangnya berbeda juga, jadi ribet",pemetaan mahasiswa dan dukunvan berupa informasi sih
MHS-103,Laki-laki,3,Teknik Komputer,38.9,53.1,78.1,43.8,kendala perpindahan jadwal kelas mendadak oleh dosen,fasilitas atau subsidi dari kampus untuk mengambil sertifikasi
MHS-104,Laki-laki,3,Sains Data Terapan,50.0,50.0,43.8,37.5,Ethol,Praktek
MHS-105,Laki-laki,3,Teknik Elektro Industri,38.9,53.1,71.9,28.1,"Alur dispensasi menurut saya kurang jelas dan ribet, saya bertanya kepada teman dan doswal jawabannya tidak ada yang sama",Mungkin workshop atau pengembangan kompetensi di bidang yang relevan di masa kini
MHS-106,Perempuan,5,Sains Data Terapan,80.6,15.6,87.5,90.6,pengelolaan waktu,koneksi untuk melanjutkan ke dunia pekerjaan
MHS-107,Perempuan,5,Sains Data Terapan,44.4,40.6,78.1,50.0,Beban tugas terlalu banyak,Karir ekspo
MHS-108,Laki-laki,3,Sains Data Terapan,55.6,50.0,53.1,56.2,Tempo belajar yang terlalu cepat,Relasi yang kuat
MHS-109,Perempuan,3,Sains Data Terapan,75.0,34.4,87.5,46.9,-,-
MHS-110,Laki-laki,3,Teknik Elektro Industri,41.7,46.9,71.9,62.5,dosen nya banyak yang stecu...,"praktek dan teori jangan dibedakan oleh hari yang jauh jedanya, sehingga kami bisa menerapkan teori pada praktikum dengan sempurna"
MHS-111,Laki-laki,3,S.Tr. Teknologi Rekayasa Internet,55.6,34.4,68.8,56.2,kegiatan diluar akademik yang diwajibkan,seminar dari alumni
MHS-112,Laki-laki,3,Teknik Mekatronika,83.3,25.0,93.8,84.4,peralatan yang harus di perbarui dan wifi nya kalo bisa itu bisa sedikit lebih lancar lagi karena akhir-akhir ini kalo dibuat buka ethol atau mypens di hp sering gabisa,"infromasi mengenai lowongan pekerjaan, ilmu untuk terjun ke dunia pekerjaan."
MHS-113,Laki-laki,3,Teknologi Game,25.0,50.0,18.8,34.4,"Materi dosen yang menggunakan ai, Menggunakan ai tidak apa - apa tapi please jangan setiap hari. Kenyang saya makan AI","Dukungan mengenai info alumnus, sosialisasi mulai dari semester awal dan info terkait loker perjurusan (bukan semua jurusan dijadikan satu)"
MHS-114,Laki-laki,3,Teknik Informatika,38.9,50.0,56.2,50.0,-,-
