Timestamp,Jenis Kelamin,Semester saat ini,Angkatan,Departemen,Program Studi,"Dalam beberapa minggu terakhir, saya merasa mampu menjalani aktivitas perkuliahan dan kegiatan sehari-hari dengan baik.","Saya mampu mengelola tekanan yang muncul dari tugas, praktikum, ujian, atau kegiatan akademik lainnya.",Saya memiliki waktu yang cukup untuk beristirahat dan memulihkan energi di tengah aktivitas perkuliahan.,Saya masih memiliki semangat dan motivasi untuk mengikuti kegiatan perkuliahan.,"Saya dapat menyeimbangkan kegiatan kuliah dengan istirahat, kegiatan pribadi, dan aktivitas lainnya.",Saya merasa keluarga saya memahami dan mendukung kondisi saya sebagai mahasiswa.  ,Saya memiliki teman atau orang terdekat yang dapat memberikan dukungan ketika saya mengalami kesulitan.  ,Saya mengetahui layanan atau pihak di kampus yang dapat saya hubungi ketika membutuhkan bantuan atau dukungan.,"Secara keseluruhan, saya merasa nyaman dan cukup baik dalam menjalani kehidupan sebagai mahasiswa saat ini.",Hal apa yang paling membuat Anda tetap bertahan dan bersemangat menjalani perkuliahan sehari-hari?  ,"Beban tugas, praktikum, dan kegiatan akademik yang saya jalani masih dapat saya kelola dengan baik.","Jadwal kuliah, praktikum, tugas, dan ujian memberikan waktu yang cukup bagi saya untuk belajar dan beristirahat.",Saya dapat mengikuti dan memahami materi perkuliahan dengan cukup baik.,Saya mampu mengatur waktu untuk menyelesaikan tugas dan kewajiban akademik.,"Saya mampu menghadapi tekanan ketika tugas, praktikum, atau ujian berlangsung dalam waktu yang berdekatan.","Ketika mengalami kesulitan belajar, saya mudah memperoleh bantuan atau arahan dari dosen, teman, atau pihak lain di kampus.","Informasi mengenai jadwal, tugas, ujian, dan kegiatan akademik disampaikan dengan cukup jelas dan tepat waktu.","Secara keseluruhan, proses perkuliahan mendukung saya untuk belajar dan berkembang dengan baik.",Apa kendala akademik yang paling sering Anda alami dan menurut Anda perlu mendapat perhatian kampus?,Saya merasa diterima dan menjadi bagian dari lingkungan kampus.,Saya memiliki hubungan yang baik dengan teman-teman di lingkungan kampus.,Saya memiliki teman atau orang di kampus yang dapat saya ajak berbicara ketika menghadapi kesulitan.,Saya dapat menyesuaikan diri dengan lingkungan dan kehidupan kampus dengan baik.,"Saya memiliki kesempatan untuk terlibat dalam kegiatan mahasiswa, organisasi, komunitas, atau kegiatan kampus lainnya.",Saya merasa nyaman menjalani aktivitas sehari-hari di lingkungan kampus.,Saya merasa aman ketika belajar dan beraktivitas di lingkungan kampus.,"Secara keseluruhan, pengalaman kehidupan sosial saya di kampus berjalan dengan baik dan mendukung proses perkuliahan.",Apa yang membuat Anda merasa lebih diterima dan nyaman berinteraksi di lingkungan kampus?  ,Saya memiliki gambaran yang cukup jelas mengenai pekerjaan atau karier yang ingin saya jalani setelah lulus.,Saya merasa kompetensi yang saya miliki cukup relevan dengan kebutuhan dunia kerja.,"Saya memiliki kesempatan memperoleh pengalaman melalui proyek, magang, kompetisi, organisasi, atau kegiatan lain yang mendukung kesiapan kerja.","Saya mudah memperoleh informasi mengenai magang, lowongan pekerjaan, pengembangan kompetensi, atau peluang karier.",Saya memiliki pemahaman yang cukup mengenai kompetensi dan kemampuan yang dibutuhkan di dunia kerja.,"Saya cukup percaya diri untuk menghadapi proses magang, rekrutmen, atau memasuki dunia kerja.","Saya mengetahui layanan, kegiatan, atau pihak di kampus yang dapat membantu persiapan karier saya.","Secara keseluruhan, saya merasa cukup siap menghadapi dunia kerja setelah menyelesaikan studi.",Dukungan apa yang paling Anda butuhkan dari kampus untuk meningkatkan kesiapan menghadapi dunia kerja?,Saya memiliki kondisi ekonomi yang mendukung 
22/09/2026 14:32:52,Laki-laki,Semester 5,2024,Departemen Teknik Elektro (DTE),S. Tr. Teknik Elektro Industri,4,4,3,3,3,4,5,4,3,Teman-teman yang mendukung serta solid,3,3,3,3,3,4,3,4,Fasilitas laboratorium yang mungkin harus lebih diperhatikan khususnya alat ukur konvesional,4,4,4,4,4,4,4,4,Lingkungan kampus yang ramah ,3,3,3,3,3,4,3,3,Pelatihan yang akan dibuat bekal di dunia kerja,
22/09/2026 14:35:08,Perempuan,Semester 3,2025,Departemen Teknologi Multimedia Kreatif (DTMK),D3 Teknologi Multimedia dan Broadcasting,1,4,1,2,1,5,4,4,2,orangtua. ,4,1,2,2,1,4,5,4,"merasa kapasitas otak tidak mumpuni, yang akhirnya dapat berdampak kepada tugas kelompok saya, kurang dapat diandalkan.",4,4,5,4,3,1,3,3,bersama orang-orang/teman-teman yang tepat,2,1,2,1,1,1,1,1,mungkin dukungan mental? bingung jugaa ,
22/09/2026 14:35:27,Laki-laki,Semester 5,2024,Departemen Teknik Informatika dan Komputer (DTIK),S.Tr. Teknik Informatika,3,4,4,4,2,4,3,3,4,Gratitude,4,3,3,4,4,4,2,3,Wifi PENS busuk,3,4,4,3,3,4,3,3,Teman-teman ,1,3,4,2,3,4,3,2,Koneksi orang dalam,
22/09/2026 14:35:43,Laki-laki,Semester 5,2024,Departemen Teknik Informatika dan Komputer (DTIK),S.Tr. Sains Data Terapan,3,4,4,3,4,4,3,4,3,Ga tau,4,4,4,4,4,3,3,4,Dosen kurang disiplin dan visi,4,4,4,4,4,3,4,3,Semua setara,4,4,4,2,3,3,3,4,Informasi skills atau pekerjaan yang kebutuhan  kondisi di indonesia dan tren saat ini dan kedepannya,
22/09/2026 14:43:16,Laki-laki,Semester 5,2024,Departemen Teknik Informatika dan Komputer (DTIK),D3 Teknik Informatika,3,2,4,4,3,3,2,1,3,Tidak ada karena pekerjaan it menurun drastis dan di kampus kurang diajarkan untuk eksplorasi,4,4,4,4,4,4,1,3,Kurangnya arahan eksplorasi,4,5,5,5,5,5,4,5,Orang orangnya baik baik,1,1,2,1,1,1,1,1,Langsung diskusi dengan pihak industri bahwa sekarany industri butuh teknologi apa. Karena sekarang banyak ai,
22/09/2026 14:43:48,Perempuan,Semester 3,2025,Departemen Teknik Informatika dan Komputer (DTIK),S.Tr. Teknik Komputer,3,3,2,3,2,4,4,1,3,orang tua,3,3,3,3,3,3,2,3,perlu adanya aturan untuk dosen yang mengganti jadwal kuliah mendadak,3,3,3,4,4,4,4,4,teman teman ,1,2,2,3,2,2,3,2,info loker yang mudah diakses dan melimpah,
22/09/2026 14:46:07,Laki-laki,Semester 5,2024,Departemen Teknik Informatika dan Komputer (DTIK),S.Tr. Sains Data Terapan,2,2,2,2,2,2,2,2,2,Orang tua,3,3,3,3,3,3,3,3,Wifi PENS ,3,3,3,3,3,3,3,3,Informasi transparan ,4,3,3,3,3,3,3,3,"Koneksi alumni, portofolio ",
22/09/2026 14:47:08,Laki-laki,Semester 1,2026,Departemen Teknik Mekanika Energi (DTME),S.Tr. Sistem Pembangkit Energi,4,4,3,3,3,4,4,3,3,Foodlab☺️,3,3,2,3,3,4,3,3,Menurut saya dosen sebaiknya memberikan file / ppt dari materi yang di jelaskan setelah kelas selesai jadi mahasiswa bisa mereview ulang. Karena kadang kalau mencatat sulit menyesuaikan dengan tempo dosen.,4,4,3,3,3,4,4,3,Mungkin karena masih maba jadi merasa deket sama teman angkatan karena masih sama sama beradaptasi,4,3,3,3,3,3,3,3,Jujur sebagai maba saya masih belum terlalu mengulik ini. Cuma menurut saya ada baiknya untuk mengadakan mentoring atau seminar dari alumni prodi yang saya ambil. Jadi memiliki gambaran arah karier yang lebih jelas lagi,
22/09/2026 14:47:14,Laki-laki,Semester 1,2026,Departemen Teknik Informatika dan Komputer (DTIK),S.Tr. Teknik Komputer,3,3,3,3,2,3,3,3,4,Ingat masa depan,3,3,2,3,3,4,3,3,Jarkomnya jangan terlalu mendadak,4,4,4,4,4,4,4,4,Bersosialisasi,4,4,3,3,3,3,3,3,Tidak tau,
22/09/2026 14:47:24,Laki-laki,Semester 7,2023,Departemen Teknik Informatika dan Komputer (DTIK),S.Tr. Teknik Komputer,4,4,1,3,3,2,2,1,3,"Masa kuliah tinggal sedikit lagi menuju kelulusan, sayang kalau tidak dipertahankan sampai selesai",3,3,4,4,3,3,5,3,-,4,5,2,4,5,3,3,3,Relasi yang baik,5,4,5,5,5,5,2,5,"Dukungan berupa fasilitas pelatihan dan sertifikasi internasional (seperti Oracle, CCNA, AWS, dll.) dengan skema diskon akademik atau gratis bagi mahasiswa akhir, yang dulunya difasilitasi oleh Unit Training PENS/EIC",
22/09/2026 14:51:58,Laki-laki,Semester 7,2023,Departemen Teknologi Multimedia Kreatif (DTMK),S.Tr. Teknologi Game,3,2,2,4,3,5,4,4,4,Orang orang terdekat,2,3,3,3,2,3,4,4,"Jadwal yang sering dipindah atau jam kosong karena dosen berhalangan hadir, rencana studi yang matang dari prodi",5,5,5,5,4,4,4,4,-,2,3,3,3,4,2,4,2,"Sertifikasi, informasi lowongan yang transparan",
22/09/2026 15:07:11,Laki-laki,Semester 1,2026,Departemen Teknik Informatika dan Komputer (DTIK),S.Tr. Teknik Informatika,5,5,5,5,5,5,5,2,4,Ntah,5,5,4,5,5,5,3,5,Mungkin dosen yang jarang masuk,5,5,5,5,5,5,5,5,Tidak tahu ,5,5,3,3,4,5,2,5,-,
22/09/2026 15:09:24,Laki-laki,Semester 3,2025,Departemen Teknik Elektro (DTE),S.Tr. Teknik Telekomunikasi,3,3,1,3,3,3,3,1,2,"Pena/alat tulis yang saya pakai untuk belajar, ibarat tulang-belulang orang tua yang bekerja keras. Keringat orang tua yang bercucuran di ladang/luar rumah/ bekerja itu ibarat tinta yang mengalir pada pena. Dan kertas yang saya tulis itu, ibarat kulit tubuh orang tua.",3,2,2,3,3,3,2,2,"Tumpukan tugas yang kuantitasnya tinggi namun kurang memberikan nilai tambah pada pemahaman materi secara mendalam. Dosen yang hanya mengandalkan metode ceramah satu arah tanpa adanya diskusi interaktif atau praktik yang memadai. Kurangnya akses atau fasilitas yang memadai pada laboratorium hingga koneksi internet kampus lelet. Portal akademik (ETHOL, ONLINE MIS) yang sering mengalami gangguan. ",3,3,3,3,3,2,1,2,"Kebebasan Berpendapat dan melakukan aksi(Selama masih ranah Positif), tidak adanya pengekangan oleh oknum oknum/organisasi/kegiatan yang malakukan pemaksaan/ kewajiban padahal tidak relavan untuk diwajibkan diikuti. Fasilitas kampus yang nyaman, terpenuhi, dan tenang serta kondusif. tidak adanya kesombongan atau merasa sok jago atau sok hebat atau sok tua oleh angkatan angkatan paling tinggi/pengurus organisasi/kegiatan sehingga membuat bahwa kegiatan yang mereka lakukan atau jalankan harus diikuti atau didatangi oleh masyarakat mahasiswa bahkan harus hormt atau menyegani mereka. terciptanya lingkungan kampus yang terinteraksi dan kolaboratif tanpa memandang perbedaan dan kemampuan.",3,3,3,3,3,3,3,3,"Akses jalur magang resmi ke perusahaan terpercaya yang membuka peluang placement (penempatan kerja tetap). Layanan rutin pembuatan CV profesional, simulasi interview (wawancara kerja), dan bursa kerja (job fair). Pelatihan presentasi, negosiasi, dan pemecahan masalah kompleks.: Workshop membangun portofolio digital dan jejaring profesional (networking). Dosen dan praktisi bersama-sama merancang materi agar selaras dengan kebutuhan pasar saat ini.",
22/09/2026 15:09:44,Perempuan,Semester 7,2023,Departemen Teknik Informatika dan Komputer (DTIK),S.Tr. Sains Data Terapan,3,4,2,4,4,5,5,1,4,teman dan makanan kantin,4,2,4,5,2,4,4,5,akses wifi dan penunjang praktikum ,5,5,5,5,5,5,5,5,teman teman dan dosen SDT,4,3,5,5,5,3,4,4,kecepatan yudisium atau status lulus untuk menunjang keikutsertaan pada program pemerintah ,
22/09/2026 15:25:08,Perempuan,Semester 1,2026,Departemen Teknologi Multimedia Kreatif (DTMK),D3 Teknologi Multimedia dan Broadcasting,4,4,4,4,4,4,5,4,4,orang tua sama masa depan ,2,2,3,4,4,3,2,4,kebutuhan teknis ... kayak laptop itu diperluin bgt diperkuliahan terutama politeknik ini tapi sayangnya gak semua keadaan mahasiswa nya memadai. ,4,4,5,4,3,4,4,4,teman teman aku yang baik baik dan suportif ☺️🫰,5,4,2,2,4,3,2,3,jujur ya dukungan finansial ... karna banyak hal yang mau aku lakuin buat belajar dan berkembang tapi selalu dihambat dibatasi sama masalah finansial ini 💔 i hate the country's economy in this era 😓💔,
22/09/2026 15:32:38,Perempuan,Semester 5,2024,Departemen Teknik Informatika dan Komputer (DTIK),D3 Teknik Informatika,4,4,2,2,3,5,5,5,4,Masih pingin lihat kucing dan makan mie ayam,3,3,4,4,4,4,4,4,Jadwal matkul yang tiba-tiba diganti. Parkiran yang lama karena antrinya cukup lama dan membuat capek,4,4,5,3,4,3,4,3,Yang saling membantu ,2,2,4,4,4,1,3,1,Tolong tambah dosen. Dosen sekarang kebanyakan lagi overload. Apalagi habis nambah kelas dan jurusan,
22/09/2026 15:40:41,Perempuan,Semester 1,2026,Departemen Teknik Elektro (DTE),S.Tr. Teknologi Rekayasa Internet,3,3,2,5,4,5,3,1,3,Karena PENS,3,2,5,5,3,3,4,5,Bapak yang suka nambah laprak seenak makan cibus,5,5,3,5,2,4,5,5,Temn temannya keren semua,5,2,3,3,3,3,3,3,Pelatihan,
22/09/2026 15:49:58,Perempuan,Semester 1,2026,Departemen Teknik Mekanika Energi (DTME),S.Tr. Teknik Mekatronika,3,4,2,5,3,1,4,5,5,I like it being here,4,4,5,4,4,4,4,5,jadwal dadakan dan rundown tidak transparan,5,5,4,5,5,5,5,5,teman teman,4,4,4,3,4,3,3,3,Sumber informasi yang jelas,
22/09/2026 15:51:52,Perempuan,Semester 5,2024,Departemen Teknik Mekanika Energi (DTME),S.Tr. Teknik Mekatronika,4,4,3,3,4,4,2,2,4,Mendengar lagu,4,3,4,4,4,3,4,4,"Saat kesusahan, saya bingung meminta bantuan siapa. Karena, teman terdekat saya pun sifatnya sok pintar dan menyuruh saya harus berusaha sendiri. Padahal saya sedang bertanya, bukan menyontek.",3,3,3,4,3,3,3,2,Berbicara 4 mata. Tidak beramai²,4,3,3,4,3,3,2,2,"Untuk semester 5 ini, saya harap kampus memberikan banyak lowongan magang bagi mahasiswa yg akan beranjak ke semester 6. Saya benar² sangat butuh informasi tempat magang nanti.",
22/09/2026 15:53:46,Laki-laki,Semester 3,2025,Departemen Teknik Informatika dan Komputer (DTIK),S.Tr. Teknik Informatika,4,3,4,4,2,5,4,2,4,Uang,4,4,4,4,4,4,2,4,Jadwal berubah ubah gara gara dosen,4,5,4,4,5,4,4,4,Nyaman,3,3,4,3,3,3,3,3,Persiapan dunia kerja seperti softskills ,
22/09/2026 15:53:50,Laki-laki,Semester 3,2025,Departemen Teknik Mekanika Energi (DTME),S.Tr. Sistem Pembangkit Energi,3,3,2,4,2,3,3,2,3,Takut hidup susah nantinya,2,3,3,3,2,3,2,3,"Fasilitas kelas yang overload, banyak matakualiah yang digabung menjadi serentak 4 kelas. Menurut saya tidak efektif",3,3,3,4,4,4,4,4,Nyaman saja,3,3,3,3,3,4,2,3,Beasiswa ,
22/09/2026 16:02:07,Laki-laki,Semester 1,2026,Departemen Teknik Elektro (DTE),S.Tr. Teknologi Rekayasa Keselamatan K3,1,1,1,1,1,3,4,2,1,KANTIN PENS TOK,1,1,3,1,1,3,3,4,"KURANG ISTIRAHAT, TERLALU BANYAK ACARA DILUAR KONTEKS AKADEMIK",5,5,5,5,3,2,4,4,TEMEN BANYAK YG BAIK,5,3,4,4,4,3,3,3,kuliah tamu mengenai perindustrian,
22/09/2026 16:17:31,Laki-laki,Semester 1,2026,Departemen Teknik Informatika dan Komputer (DTIK),S.Tr. Sains Data Terapan,4,3,3,4,4,5,5,5,4,urip iku urup,4,4,4,3,4,4,4,4,Aplikasi Manajemen Perkuliahan Ethol yang sering error,4,4,4,4,4,4,4,4,karena ada teman,4,4,3,3,4,4,4,4,Dukungan berupa job fair yang diselenggarakan di kampus,
22/09/2026 16:20:17,Laki-laki,Semester 5,2024,Departemen Teknik Elektro (DTE),S. Tr. Teknik Elektro Industri,2,2,2,4,3,4,2,3,3,biar bisa lulus dan enak nanti dapat uang,3,3,3,4,2,2,3,4,dosen telat atau geser matkul sesuka hati,4,5,4,4,2,2,4,4,teman2 kelas seru banget,5,4,4,5,4,5,5,4,job hunting,
22/09/2026 16:44:33,Laki-laki,Semester 1,2026,Departemen Teknik Mekanika Energi (DTME),S.Tr. Sistem Pembangkit Energi,3,3,3,4,3,4,4,3,3,Orang tua,3,3,3,3,3,3,3,4,ethol error,4,4,4,3,4,4,4,4,Teman teman yang saling membantu dan mendukung,4,4,3,3,3,3,3,3,dukungan akademik,
22/09/2026 17:18:10,Perempuan,Semester 7,2023,Departemen Teknik Informatika dan Komputer (DTIK),S.Tr. Teknik Informatika,2,1,2,1,2,1,1,1,1,"karena biaya kuliah saya nyari sendiri, jadi gamungkin buat saya cuti kuliah. harus tetap kuliah dan kerja agar bisa menyambung hidup meski berjuang sendirian.",1,2,2,2,2,2,4,3,sulit mencerna pelajaran ketika perut lapar dan badan kelelahan karena mencari uang.,3,3,1,2,2,2,3,2,"ketika dilibatkan dalam proses pembelajaran, diterima ketika menjawab salah, atau dirangkul ketika sendirian. dilibatkan dalam pertemanan maupun pembelajaran membuat saya berharga.",1,2,4,5,2,1,4,1,-,
22/09/2026 17:29:50,Perempuan,Semester 1,2026,Departemen Teknologi Multimedia Kreatif (DTMK),S.Tr. Teknologi Rekayasa Multimedia,3,4,3,4,3,4,3,3,3, mencapai tujuan masa depan yang telah direncanakan,4,2,3,3,3,3,2,3,WiFi kampus yang lambat dan web yang sering down,3,3,3,3,2,3,3,3,-,4,4,3,2,2,3,2,3,program magang yang terhubung langsung dengan industri serta pelatihan keterampilan kerja praktis,
22/09/2026 17:34:26,Laki-laki,Semester 1,2026,Departemen Teknik Informatika dan Komputer (DTIK),S.Tr. Sains Data Terapan,2,3,2,3,2,3,3,2,3,Hal yang membuat saya bertahan untuk tetap kuliah adalah orang tua saya,2,2,1,3,2,3,3,3,"Mungkin tidak ada karena saya rasa, saya sendiri yang tidak cepat memahami materi dalam perkuliahan ",3,4,3,3,3,3,4,4,Mungkin pertemanan ,4,4,4,4,3,2,2,2,Magang mungkin dapat lebih lama,
22/09/2026 17:36:25,Laki-laki,Semester 5,2024,Departemen Teknik Elektro (DTE),S.Tr. Teknologi Rekayasa Internet,3,4,1,4,2,5,3,3,2,Mengingat kembali kenapa saya berkuliah,4,2,3,2,4,3,2,4,-,4,4,3,4,5,4,4,3,-,5,4,4,3,4,4,3,3,-,
22/09/2026 18:16:07,Laki-laki,Semester 3,2025,Departemen Teknik Elektro (DTE),S.Tr. Teknik Telekomunikasi,3,3,3,4,2,5,4,2,3,Mempunyai kewajiban untuk berkuliah,3,3,4,3,3,3,4,4,Matkul statistik astagfirullah,4,4,4,4,4,4,4,4,Karena temanya sportif,3,3,3,3,3,3,3,3,"Saya butuh arahan untuk kedepannya bagaimana, untuk di dunia kerja dan magang",
22/09/2026 18:18:37,Laki-laki,Semester 1,2026,Departemen Teknik Elektro (DTE),S.Tr. Teknologi Rekayasa Internet,4,3,3,4,2,5,5,3,3,"karena waktu, dan masa depan",3,3,4,3,3,3,2,4,"absensi ethol yang tidak memiliki keaamanan, dan mahasiswa tetap masih bisa absen walau tidak sedang berada di kelas (bolos)",4,4,4,4,4,4,4,4,karena saya percaya diri,3,3,4,2,4,3,2,3,null,
22/09/2026 19:08:44,Laki-laki,Semester 1,2026,Departemen Teknik Elektro (DTE),S.Tr. Teknik Elektronika,5,4,3,5,5,5,5,5,5,"Keinginan untuk terus berkembang dan mencapai tujuan menjadi hal yang membuat saya tetap semangat. Saya ingin memanfaatkan kesempatan selama kuliah untuk belajar lebih banyak, mencoba hal-hal baru, dan mengembangkan kemampuan saya di bidang yang saya minati.",4,3,4,5,5,5,4,5,"Kendala akademik yang paling sering saya alami adalah kesulitan mengatur waktu antara perkuliahan, praktikum, dan tugas yang terkadang memiliki tenggat waktu berdekatan.",5,5,5,5,5,5,5,5,Karena lingkungannya baik dan memiliki teman yang saling support,4,5,5,5,5,5,5,5,Relasi kampus dengan perusahaan besar,
22/09/2026 19:14:22,Perempuan,Semester 3,2025,Departemen Teknologi Multimedia Kreatif (DTMK),S.Tr. Teknologi Rekayasa Multimedia,2,4,3,3,3,3,3,3,3,"mau jadi wna, terus slow living di swiss ",3,3,3,3,3,3,3,3,kadang dosen yang bilang matkul terus gak datang,3,3,3,3,3,3,3,3,ya pd aja,3,3,3,3,3,3,3,3,"fasilitas sih biar nyaman di kampus parkiran dibangun, fasilitas yang rusak dibenerin, alat2 lab dibanyakin biar kita belajar dengan sungguh-sungguh ",
22/09/2026 19:18:43,Perempuan,Semester 5,2024,Departemen Teknik Informatika dan Komputer (DTIK),S.Tr. Sains Data Terapan,2,3,1,4,2,5,5,3,2,Karena saya masih hidup,3,4,2,2,2,3,5,5,Saya rasa pemberian tugas yang kurang linier dengan program studi saya cukup membebani dikarenakan banyak materi yang tidak didapatkan dari perkuliahan yang menunjung pengerjaan tugas tersebut. ,3,4,5,4,5,4,5,5,"Cukup banyak, terutama kehadiran teman-teman saya",1,4,4,4,5,2,3,2,Platform satu pintu untuk mengakses semua informasi akan sangat membantu ,
22/09/2026 19:48:20,Laki-laki,Semester 1,2026,Departemen Teknologi Multimedia Kreatif (DTMK),D3 Teknologi Multimedia dan Broadcasting,5,5,5,5,5,5,5,1,5,Masih hidup,5,5,5,5,5,5,5,5,Dari segi finansial yang cukup mencekam akan keberlanjutan kehidupan kampus saya.,5,5,5,5,5,5,5,5,Komunitas Janaka,5,5,5,2,5,5,1,5,Pelatihan rutinan,
22/09/2026 20:02:13,Laki-laki,Semester 5,2024,Departemen Teknologi Multimedia Kreatif (DTMK),S.Tr. Teknologi Game,4,5,4,4,4,4,4,5,4,"Mengetahui bahwa kita hidup di dunia ini hanya sementara, dan yang lebih penting adalah di akhirat. Masalah di dunia hanyalah cobaan, dan selama kita berusaha maksimal itu sudah bagus. Meskipun kita tidak dapat sebaik orang lain atau hanya biasa saja",3,4,4,4,3,3,4,4,"Dosen dan Wali Kelas yang biasanya sibuk sehingga jarang komunikasi dengan mahasiswa, serta penerapan SKEM yang membuat mahasiswa mengikuti banyak kegiatan tambahan setiap semester untuk memenuhi minimal sks.",5,4,5,5,5,5,5,4,"Staff PENS termasuk Dosen, Satpam, Pekerja Perpustakaan dan Kantin yang baik. Harapanya untuk Pekerja Admin atau BAAK diringankan pekerjaanya agar tidak terlalu terbebani.",3,4,4,3,3,4,2,3,"Koneksi industri, pilihan magang, dan roadmap kerja.",
22/09/2026 20:08:09,Perempuan,Semester 3,2025,Departemen Teknik Elektro (DTE),S.Tr. Teknologi Rekayasa Internet,2,2,3,2,3,2,2,2,1,"Sebenernya nggak bersemangat juga, cuma gaada pilihan lain selain menjalani hari-hari toh kalopun berhenti akan repot sendiri nantinya. Saya capek padahal cuma kuliah 4 hari, tapi rasanya memuakkan, tiap hari bawannya pgn nangis. ",3,3,2,2,3,3,2,3,"Kalo bisa jangan banyak banyak tugas yg berkelompok. Mau berkelompok sama temen yg saya akrab pun tetep gabisa, saya pengen ngerjain dengan cara saya sendiri tanpa tekanan waktu atau tekanan apapun dari yg lain. Dan terhindar dari kekhawatiran apakh saya sudah cukup membantu dlm kelompok? Apakah saya seharusnya menambahkan ini dibagian ini? Karena standar pengerjaan saya dan teman berbeda. Saya ngerasa insecure sama temen yg pintar pintar sedangkan saya goblok bgt, sering ngerasa bersalah karena mereka harus gendong saya. Dan saya gatau kenapa semester ini ngga betah di kampus lama lama, pengen cepet pulang aja jadi kalo ada hal yg perlu dibahas di kampus mengenai tugas kelompok saya ngerasa tertekan banget.  ",2,2,2,2,4,1,4,1,"Nggak ada, nggak semua orang menerima saya dan tidak pada semua orang saya merasa nyaman berinteraksi. ",1,2,2,2,1,1,2,1,"Saya nggak tahu, saya cuma pengen tau saya pengen pekerjaan yg seperti apa, saya ngerasa nggak punya kemampuan apa apa. Saya takut gabisa jadi apa apa di masa depan. ",
22/09/2026 20:18:29,Perempuan,Semester 3,2025,Departemen Teknik Elektro (DTE),S.Tr. Teknologi Rekayasa Internet,3,2,3,5,3,2,4,1,3,"Meskipun sempat ingin menyerah saat semester dua karena tidak bisa membayar UKT dan harus mengurus surat keterlambatan pembayaran saat minggu pertama perkuliahan, saya tetap bertahan karena saya ingin memiliki kehidupan yang lebih baik saat dewasa.",3,3,2,2,1,2,3,2,"Sistem yang terburu-buru.Tidak semua mata kuliah, tetapi beberapa sangat membuat kewalahan karena praktikumnya berkelompok. Saya paling bodoh di kelompok karena itu membuat saya kewalahan. Tidak ada waktu untuk memahami cara kerja praktikumnya. Karena terburu-buru dan butuh demo beberapa percobaan, alhasil yang mengerjakan hanya teman yang jago, membuat saya merasa tidak berguna dalam kelompok. Jadi, saya berharap saat praktikum tidak mengejar hasil, tapi mengejar proses, apa yang sudah didapatkan pada praktikum itu serta saya berharap tidak ada praktikum yang berkelompok karena pasti nanti ada yang tidak memahami praktikum tersebut.",3,2,2,3,3,3,4,2,Saya tidak tau apa.,1,1,3,1,1,1,1,2,Mentoring yang lebih memperhatikan setiap individu.,
22/09/2026 21:33:55,Laki-laki,Semester 1,2026,Departemen Teknik Mekanika Energi (DTME),S.Tr. Teknologi Rekayasa Perancangan Manufaktur,4,4,3,5,4,5,1,4,4,UKT mahal,4,4,2,4,4,4,1,4,Jaringan internet (khususnya wifi) kurang mendukung proses belajar,5,3,1,4,5,3,4,4,Banyak kegiatan yg melibatkan maba,4,5,5,3,4,5,5,5,Pelatihan soft skills dan hard skills dari kampus yang rutin diadakan sejak awal,
22/09/2026 21:46:42,Laki-laki,Semester 1,2026,Departemen Teknologi Multimedia Kreatif (DTMK),S.Tr. Bisnis Digital,3,2,3,4,3,3,4,2,3,"Sejauh ini teman-teman sih, kalau keluarga atau dosen lainny ga terlalu",2,3,2,3,3,4,1,3,"Kampus ini kalau bikin acara dadakan, niatnya emang biar mahasiswa selalu waspada kayak lagi latihan militer danDosen juga balas chat saya dengan kecepatan cahaya... cahaya bintang yang sudah mati.",3,3,4,3,2,3,3,3,"Ntahlah, aku tak yakin juga nyaman di kampus",4,3,2,2,3,3,2,3,Finansial.,
22/09/2026 22:28:19,Laki-laki,Semester 1,2026,Departemen Teknik Mekanika Energi (DTME),S.Tr. Teknik Mekatronika,4,4,2,5,2,3,4,1,4,tidak bisa di jelaskan dengan kata kata ,4,2,4,4,3,3,4,3,"terkadang ada dosen yang share materi tidak di ethol, jadi kalau mau mencari terpisah pisah",4,4,4,5,3,5,5,5,"fasilitas belajar yang memadai seperti co working space, kelas yang dingin",5,5,5,4,4,5,1,5,info loker A1 yang Gacor,
22/09/2026 22:31:19,Laki-laki,Semester 1,2026,Departemen Teknik Elektro (DTE),D3 Teknik Elektro Industri,3,3,1,4,3,4,4,3,2,nilai,3,1,4,4,3,3,3,3,dosen mud mud an dan deadline tugas yang mendadak diberikan serta informasi mendadak,4,4,4,4,4,4,4,4,teman,3,4,4,4,4,4,4,4,hubungan ikatan alumni,
22/09/2026 22:47:39,Laki-laki,Semester 3,2025,Departemen Teknik Informatika dan Komputer (DTIK),D3 Teknik Informatika,3,2,3,3,1,3,2,5,3,"Hal yang paling saya tetap bertahan dan bersemangat adalah untuk tidak memikirkan keadaan ekonomi keluarga, saya ini sudah pusing dengan biaya UKT sedangkan bapak saya sudah pensiun ketika saya mulai mendaftar pens ini",2,3,3,1,2,2,5,3,Tidak ada kendala akademik yang paling sering saya alami,3,3,2,3,1,3,3,3,Pertemanan yang hangat dan di support selalu ,3,3,3,2,2,1,3,3,Mencari pekerjaan magang yang sesuai dengan skillnya ,
22/09/2026 23:24:04,Perempuan,Semester 3,2025,Departemen Teknik Elektro (DTE),S.Tr. Teknik Elektronika,2,3,2,2,1,4,3,4,2,ekspektasi keluarga ketika melihat saya kuliah,2,1,1,2,1,3,3,3,-,5,5,3,3,5,5,5,5,-,1,1,2,2,1,1,3,1,-,
22/09/2026 23:28:56,Perempuan,Semester 3,2025,Departemen Teknik Elektro (DTE),S.Tr. Teknik Elektronika,3,3,2,2,2,2,4,4,3,karena sudah terlanjur,3,2,2,3,3,3,5,4,-,5,5,5,5,5,3,4,5,-,3,3,2,3,3,2,3,3,-,
23/09/2026 00:23:46,Laki-laki,Semester 1,2026,Departemen Teknologi Multimedia Kreatif (DTMK),S.Tr. Bisnis Digital,3,3,3,4,3,3,3,3,3,Bertemu teman teman ,3,3,3,3,3,3,3,3,"Kalau perhatian kampus mungkin tidak ada, kalau pribadi adalah mengatur waktu",3,4,4,3,4,3,3,3,"Lingkungan kampus dan pertemanannya nyaman, makanan di foodlab juga enak",3,3,3,3,3,3,3,3,"Dukungan pihak lain seperti ortu dan teman, serta dukungan dari diri sendiri dan iman yang kuat",
23/09/2026 07:38:14,Laki-laki,Semester 1,2026,Departemen Teknik Elektro (DTE),D3 Teknik Elektro Industri,3,4,4,4,4,4,4,4,4,Mengejar cita cita,4,4,4,4,4,3,4,4,"Kelas panas,tempat parkir yang kecil dan gate parkir yang cukup kecil dan sedikit",4,4,4,4,4,4,4,4,"Mendapatkan teman"" yang baik",4,4,4,3,4,4,4,4,Untuk diberitau struktur kerja dalam industri,
23/09/2026 08:00:36,Laki-laki,Semester 1,2026,Departemen Teknik Elektro (DTE),D3 Teknik Elektro Industri,2,2,2,2,2,5,2,5,2,karena semangat tetapi saya ada kendala telat mengumpulkan tugas dikarenakan saya sakit setelah itu beliau tidak mau jadi jadi dosen saya/ tidak mau mengajari saya,2,1,3,1,1,2,3,3,kendala saya tentang terlambatan untuk mengumpukan tugas dikarenakansaya sakit dan miskom dengan komting dan setelah itu dosen saya tidak mau menjadi dosen pengajar saya/ sudah marah dengan saya dikarenakan telat mengumpulkan tugas tolong jangan disebar luaskan🙏🏻,5,5,3,4,4,4,5,3,dikarenakan memiliki banyak ilmu  dan setelah itu saya merasa puas di kampus pens ,3,3,4,3,4,4,2,5,dukungan lowongan pekerjaan ,
23/09/2026 08:03:01,Laki-laki,Semester 1,2026,Departemen Teknik Elektro (DTE),D3 Teknik Elektro Industri,5,4,4,4,4,5,4,4,4,"ingin lulus cepat dan ingin dapet nilai yang memuaskan, semoga ilmu yang di berikan dosen kepada mahasiswa sangat bermanfaat untuk dunia kerja",4,4,4,4,4,4,4,4,"mempertimbangkan tugas atau pengumpulan tugas, karna keberatan di kumpulkan waktu deadline 1 hari saja",4,4,4,4,4,4,4,4,lingkungan kampus sangat baik dan tidak menemukan lingkungan yang saya tidak mau seperti toxic,4,4,4,4,4,4,4,4,saya ingin memperluas ilmu saya untuk dunia kerja,
23/09/2026 09:09:54,Perempuan,Semester 3,2025,Departemen Teknik Elektro (DTE),S.Tr. Teknik Elektronika,2,2,2,2,2,2,2,2,2,Tidak tahu,2,2,2,2,2,2,2,2,Karena pada semester 1 dasar materi susah di pahami sampai sekarang masih tidak terlalu paham,2,2,2,2,2,2,2,2,Tidak terlalu banyak kasus ,2,2,2,2,2,2,2,2,Konseling one on one,
23/09/2026 09:45:07,Laki-laki,Semester 1,2026,Departemen Teknik Elektro (DTE),S.Tr. Teknologi Rekayasa Internet,5,5,2,3,5,5,1,3,5,mengingat orang tua saya banting tulang disana masa iya saya disini ga jadi apa apa?,4,1,4,5,5,3,3,5,cara mengajar/materi yang membosankan membuat ilmu tidak masuk,5,3,3,5,5,4,5,5,karena saat di kampus saya terasa agak semangat ,2,3,5,3,5,1,4,5,info lowongan kerja dan rekrutmen,
23/09/2026 11:00:12,Laki-laki,Semester 1,2026,Departemen Teknologi Multimedia Kreatif (DTMK),D3 Teknologi Multimedia dan Broadcasting,5,3,3,5,5,5,5,3,4,Teman-teman yang solid bisa diajak ngopi dan mengerjakan tugas bersama,3,3,4,5,2,5,5,5,Tidak ada,5,5,4,5,3,3,5,5,Teman-teman yang asik,5,4,5,4,4,5,5,5,Moral dan psikologi,
23/09/2026 11:04:32,Laki-laki,Semester 1,2026,Departemen Teknologi Multimedia Kreatif (DTMK),D3 Teknologi Multimedia dan Broadcasting,4,3,4,5,4,3,4,3,4,Niat yang bersungguh-sungguh dan ingin membanggakan orang tua ,4,3,4,4,3,3,3,3,penjelasan materi dari dosen kurang atau materi yang diberikan kurang memadai untuk memahami materi tersebut,3,4,3,3,4,3,4,3,memiliki teman yang sportif dll,3,3,3,2,2,3,3,3,membantu dalam mempersiapkan ke dunia kerja atau menyebarkan informasi yang bermanfaat lainnya ,
23/09/2026 11:12:28,Perempuan,Semester 3,2025,Departemen Teknologi Multimedia Kreatif (DTMK),D3 Teknologi Multimedia dan Broadcasting,3,3,4,2,3,4,4,4,4,Mempunyai lingkungan yang positif dan supportive,2,3,3,3,3,3,3,3,Jadwal mata kuliah yang terkadang tidak menentu dan dapat berubah,3,3,3,3,4,3,3,3,Teman satu kelas yang bisa membantu saya untuk masalah tugas mata kuliah,2,3,3,3,3,3,3,3,Dukungan finansial dan emotional,
23/09/2026 11:16:46,Laki-laki,Semester 5,2024,Departemen Teknik Informatika dan Komputer (DTIK),S.Tr. Sains Data Terapan,4,5,4,4,5,5,5,4,5,hal yang bikin saya bertahan adalah selalu ingat tujuan saya awal kuliah untuk jalan dalan kesuksesan,5,4,4,5,4,4,4,4,beberapa dosen seperti kurang dalam penjelasannya dan terkadang vasilitas kampis seperti ac rusak sehingga mengganggu pembelajaran,4,5,5,5,5,5,5,5,akrab terhadap warga kampus ,3,4,4,3,4,3,3,4,"membutuhkan motivasi, partner kerja kampus lebih banyak dijurusan saya ",
23/09/2026 11:17:32,Laki-laki,Semester 3,2025,Departemen Teknik Informatika dan Komputer (DTIK),S.Tr. Sains Data Terapan,4,2,2,5,3,4,4,2,3,"Ketakutan Masa depan, Digantikan oleh AI",3,2,3,3,3,4,4,3,"Jadwal Terlalu Padat, Dosen yang susah dihubungi",4,4,4,4,3,4,4,4,Lingkungan Kampus yang tidak terlalu berisik,4,4,4,4,3,3,3,3,Belum tahu,
23/09/2026 11:18:02,Laki-laki,Semester 1,2026,Departemen Teknologi Multimedia Kreatif (DTMK),S.Tr. Teknologi Game,5,5,3,3,3,5,4,2,3,Absensi ethol,5,5,5,5,4,3,5,5,Gedung d4 panas,5,5,5,5,3,5,5,5,Jika gedung d4 tidak panas,3,4,3,2,1,2,1,2,"Masi semster 1, masi clueless",
23/09/2026 11:20:27,Laki-laki,Semester 1,2026,Departemen Teknik Elektro (DTE),S. Tr. Teknik Elektro Industri,4,4,2,5,3,5,5,3,4,#PENSJOSS,4,3,4,5,5,3,4,5,aman,5,5,5,5,5,5,5,5,friendly ,5,5,5,5,5,5,5,5,ordal,
23/09/2026 11:20:36,Laki-laki,Semester 1,2026,Departemen Teknik Mekanika Energi (DTME),S.Tr. Teknik Mekatronika,4,4,4,5,4,5,5,4,5,motivasi dari diri sendiri,5,5,4,4,4,4,3,4,tidak ada,5,5,4,5,4,5,4,5,tekanan dan tantangan ,5,5,4,4,5,5,5,5,bimbingan dan workshop mengenai dunia pekerjaan,
23/09/2026 11:20:47,Laki-laki,Semester 1,2026,Departemen Teknik Informatika dan Komputer (DTIK),D3 Teknik Elektronika,3,4,5,4,4,5,4,3,5,Harapan orang tua pasti ,5,4,3,4,4,4,5,4,Ya mungkin pas dosen ngeinfo klo kelasnya ngk jadi itu pas teman2 udah nyampe di kampus sih,5,5,5,3,3,5,4,3,Ya di kampus ngk ada memandang perbedaan. Semua sama,4,4,4,4,4,4,4,3,Ya itu sih bimbingan mengasah softskill dan hard skill,
23/09/2026 11:21:03,Laki-laki,Semester 1,2026,Departemen Teknik Informatika dan Komputer (DTIK),D3 Teknik Informatika,4,4,3,4,4,3,3,4,5,hal yang membuat saya masi bersemangat untuk menjalani perkuliahan yaitu karna masi ada waktu untuk bermain game untuk menenangkan diri setelah melakukan bermacam aktivitas kuliah,4,4,3,5,2,3,4,4,-,4,4,4,4,4,5,5,4,-,1,3,4,2,3,3,3,3,beasiswa gratissss,
23/09/2026 11:22:11,Laki-laki,Semester 1,2026,Departemen Teknik Elektro (DTE),S.Tr. Teknologi Rekayasa Internet,3,3,2,3,3,4,3,1,3,Terbiasa,3,3,3,3,3,3,4,3,Kegiatan Non akademik katanya Wajib tapi tidak penting ada saja ,4,4,4,3,3,3,3,3,"Teman teman, sebagian besar fasilitas kecuali parkir",5,4,3,3,4,3,3,3,IKATAN ALUMNI PRODI TRI,
23/09/2026 11:22:34,Perempuan,Semester 1,2026,Departemen Teknik Elektro (DTE),S.Tr. Teknik Elektronika,5,3,1,4,2,3,3,4,3, ,2,1,2,1,2,4,1,3, ,4,5,4,4,4,4,4,3, ,4,4,4,2,3,3,4,3, ,
23/09/2026 11:23:59,Laki-laki,Semester 1,2026,Departemen Teknik Informatika dan Komputer (DTIK),D3 Teknik Informatika,5,5,5,5,5,5,5,5,5,"Aku selalu enjoy menjalani kehidupan dengan terus percaya diri dan berpikir positif untuk kedepannya, dengan mempunyai teman kita juga bisa membagi relasi kita untuk lebih terbuka dengan orang lain, terus berkembang setiap hari",5,5,5,5,5,5,5,5,"Menurut saya ada tidak ada sama sekali, jika ada mungkin seperti jam kampus yang terlalu mepet/banyak. saya ingin mempunyai waktu luang yang lebih banyak",5,5,5,5,5,5,5,5,Diberikannya lingkungan yang mendukung,5,5,5,5,5,5,5,5,Materi dan Relasi yang lebih banyak untuk mendukung kita untuk terus berkembang setiap waktu agar lebih siap siaga,
23/09/2026 11:24:02,Laki-laki,Semester 5,2024,Departemen Teknik Elektro (DTE),S.Tr. Teknologi Rekayasa Internet,5,5,5,5,5,5,5,5,5,Hal yang paling membuat saya tetap bertahan dan bersemangat adalah tujuan masa depan yang jelas serta keinginan untuk membanggakan orang tua,5,5,5,5,5,5,5,5,-,5,5,5,5,5,5,5,5,pertemanan ,5,5,5,5,5,5,5,5,ikatan alumni,
23/09/2026 11:25:58,Laki-laki,Semester 5,2024,Departemen Teknik Informatika dan Komputer (DTIK),S.Tr. Sains Data Terapan,5,4,4,4,5,5,5,4,4,Because kantinya enak enak ,4,4,5,5,4,4,5,5,Udah jago ,3,5,4,5,4,5,4,5,Karena aku jago ,4,5,4,5,4,5,4,3,Psikolog ,
23/09/2026 11:27:17,Laki-laki,Semester 1,2026,Departemen Teknik Elektro (DTE),D3 Teknik Elektronika,4,5,1,3,2,3,1,4,3,Orang tua ,3,2,5,4,2,4,4,3,"peralatan praktikum yang tidak memadai(power outlet, power supply dc, berbagai resistor, kondisi lab yang berantakan, kabel jumper, kurangnya voltmeter & amperemeter yang berfungsi sehingga harus meminjam dari kelas sebelah dan memakan waktu praktikum), dan guru"" yang sering tidak hadir dengan berbagai alasannya sehingga kami perlu belajar mandiri",4,5,2,4,2,4,5,4,"ketersediaan tempat belajar yang banyak seperti perpus d3/d4, cws, masjid, sc lt 1(biasanya kosong dan bisa dijadikan tempat belajar(good thing)), satpam yang ramah, dosen yang ramah, dan kating/teman kelas yang ramah",5,4,3,1,5,5,4,5,- ,
23/09/2026 11:27:32,Laki-laki,Semester 1,2026,Departemen Teknik Elektro (DTE),D3 Teknik Elektronika,4,3,2,2,3,4,2,4,4,ingin sukses,4,2,3,3,3,3,4,4,belum ada,4,4,4,4,4,5,5,5,karena warganya ramah dan seru,5,4,4,4,4,4,4,4,proses magang yang lebih spesifik dan jelas,
23/09/2026 11:28:53,Laki-laki,Semester 1,2026,Departemen Teknik Mekanika Energi (DTME),S.Tr. Teknologi Rekayasa Perancangan Manufaktur,4,4,4,4,4,4,4,4,4,Mempunyai tujuan hobi yang dilakukan setiap weekend,4,4,4,4,4,4,4,4,Aman,4,4,4,5,4,4,4,4,Enak aja,4,4,4,3,5,5,5,5,Ukm,
23/09/2026 11:31:18,Laki-laki,Semester 1,2026,Departemen Teknik Elektro (DTE),D3 Teknik Elektronika,4,4,4,4,4,5,5,5,4,mimpi yang belum terwujud ,3,3,4,3,4,4,4,4,tdk ada,4,4,5,4,4,4,4,4,memiliki teman yang banyak,4,4,3,3,4,3,3,4,koneksi,
23/09/2026 11:34:17,Perempuan,Semester 1,2026,Departemen Teknologi Multimedia Kreatif (DTMK),S.Tr. Teknologi Rekayasa Multimedia,3,3,2,3,3,5,5,3,3,Kucing saya,3,3,3,3,3,3,3,3,"Kegiatan yang diadakan pada jam 6 sore ke atas, informasi perihal kegiatan ambigu dan informasi yang diberikan mepet dengan hari pelaksanaan",3,3,3,3,3,3,3,3,Biasa saja,3,3,3,3,3,3,3,3,Tidak ada,
23/09/2026 11:35:13,Laki-laki,Semester 1,2026,Departemen Teknik Elektro (DTE),D3 Teknik Elektronika,5,5,5,5,5,5,5,5,5,"Hal pada saat orang tua saya mengirim uang untuk kebutuhan saya sehari - hari, itu yang membuat saya semangat agar tidak rugi saat orang tua saya memberikan uang jajan saya berkomitmen tetap semangat kuliah meskipun tugas sangat banyak",5,5,5,5,4,5,5,4,belum ada,5,5,5,5,5,5,5,5,karna warga pens asik semua dan pada saat saya tidak bisa praktikum ada teman yang mau membantu saya,3,3,3,2,3,3,2,2,recomendasi magang yang jelas dari PENS,
23/09/2026 11:39:27,Laki-laki,Semester 5,2024,Departemen Teknik Informatika dan Komputer (DTIK),S.Tr. Sains Data Terapan,4,3,5,4,4,2,5,3,4,"Teman teman saya selalu mendukung saya, teman teman saya tidak pelit ilmu meskipun bersaing mereka selalu menjadi baik ketika keluarga saya menjadi jahat",3,4,3,3,4,4,3,4,Parkiran doang sih,4,4,5,5,4,5,5,5,"Mereka humble sih, gak pelit ilmu, kalo di tanya di jawab dan kalo dia gatau biasanya kita mencari tau bersama",3,2,2,3,2,2,3,3,Orang dalam :),
23/09/2026 11:40:04,Laki-laki,Semester 3,2025,Departemen Teknik Informatika dan Komputer (DTIK),S.Tr. Sains Data Terapan,4,3,4,2,2,2,3,2,3,"kalo berusaha bukan jawaban dari kesuksesan, begitu juga menyerah",4,3,2,4,2,2,4,4,"wifi kampus yang lemot, terus ethol yang sering error. ",5,5,4,3,4,3,5,4,idk either,2,3,5,5,3,3,2,3,"selain pengalaman dari tugas, praktik, kegiatan kampus. mungkin pelatihan nyata dunia kerja, pelatihan wawancara, cv, dll.",
23/09/2026 11:40:19,Laki-laki,Semester 5,2024,Departemen Teknik Informatika dan Komputer (DTIK),S.Tr. Sains Data Terapan,3,2,4,4,2,5,4,3,3,Adanya teman di kampus yang memberikan dukungan moral sehingga masih memiliki keinginan untuk pergi ke kampus,1,3,3,3,1,2,4,4,-,4,5,4,4,5,4,3,3,teman-temannya ,4,3,4,4,3,2,1,3,Adanya konsultasi terkait kemampuan saat ini dan kebutuhan yang ada di dunia pekerjaan,
23/09/2026 11:41:04,Perempuan,Semester 1,2026,Departemen Teknik Informatika dan Komputer (DTIK),S.Tr. Teknik Komputer,4,4,3,5,3,5,3,5,4,"Ingat keluarga dan segala usaha yang dikerahkan baik dari diri saya sendiri maupun orang sekitar saya yang membantu saya sehingga saya bisa berdiri di Surabaya sekarang untuk berkuliah dengan jurusan yang saya minati yang dimana hal ini dapat terjadi atas berkat dan anugerah Tuhan, saya merasa saya cukup beruntung dan harus memaksimalkan kesempatan yang saya miliki karena diluar sana banyak yang punya mimpi namun mimpinya terhalang karena banyak faktor. Beruntungnya saya disini dapat mengejar mimpi yang saya dambakan dari dulu.",5,3,3,5,5,3,2,4,"Acara yang diumumkan mendadak, awalnya saya agak kesulitan mengikuti rangkaian acara yang sering diberi tahu mendadak itu, namun semakin kesini saya mulai beradaptasi dan menyesuaikan diri agar tetap bisa hadir pada rangkaian acara yang tak terduga dengan misalnya: Mengerjakan tugas tidak SKS. Kemudian ada beberapa dosen yang tidak memahami kami sebagai mahasiswa yang level kemampuannya masih dasar atau tidak memiliki latar belakang sama sekali pada mata kuliahnya, semua dianggap bisa dan disama ratakan. Memberi instruksi tidak jelas dan sulit dihubungi ketika mahasiswa ingin mengkonfirmasi instruksi yang dianggap masih kurang jelas. Tidak jarang mahasiswa malah dibuat tertekan dengan omelan yang membuat mahasiswa merasa bodoh atau lelet. Melainkan diajarkan agar paham, kami malah dibuat tertekan dan semangat belajar kami menjadi menurun dan kami jadi segan untuk bertanya karena pertanyaan mahasiswa tidak dihargai. Memang benar untuk materi yang tidak dipahami itu sekarang mahasiswa jadi dituntut untuk mencari informasi dan belajar sendiri diluar jam kelas, namun saya harap ada kesadaran tersendiri dari dosen bahwa kami sebagai mahasiswa ini juga seorang awam yang masih tidak tahu apa-apa, kami masih bodoh dan kami datang ke kampus untuk belajar dari dosen yang ahli agar kami dapat menguasai dan pintar di bidang kami masing-masing, kami tidak datang untuk dibuat merasa rendah karena kebodohan kami. Saya hanya mengharapkan suasana belajar yang lebih nyaman untuk kami para mahasiswa.",5,5,3,4,4,5,4,5,"Teman-teman saya yang selalu ada dan berbaik hati, saling membantu satu sama lain. Kakak-kakak tingkat yang juga baik dan ramah.",3,3,5,3,5,3,2,4,"Belum tahu, saya masih semester 1.",
23/09/2026 11:41:56,Laki-laki,Semester 1,2026,Departemen Teknik Mekanika Energi (DTME),S.Tr. Teknik Mekatronika,3,4,3,5,3,4,4,5,5,dengan bertemu teman sekitar dan tukar kabar dengan orang tua menurut saya sudah cukup,4,4,3,4,4,2,3,3,mendapatkan tugas yang dadakan,4,4,4,4,3,4,4,4,lingkungan yang harmonis dan selalu terbuka,3,3,2,2,4,4,4,3,dukungn kampus dan keluarga menurut saya sudah cukup,
23/09/2026 11:44:38,Perempuan,Semester 5,2024,Departemen Teknik Informatika dan Komputer (DTIK),S.Tr. Sains Data Terapan,5,5,2,4,4,5,5,3,4,Rasa bersyukur,4,4,4,4,4,4,4,4,Blum ada,4,4,4,4,4,3,3,3,"adanya interaksi sosial yang positif, penghargaan dari institusi, dan kesempatan untuk berekspresi tanpa takut dihakimi.",3,4,4,3,3,3,2,4,"Sertifikat kompetensi untuk nambah porto, pelatihan, info magang, info loker",
23/09/2026 11:46:55,Laki-laki,Semester 5,2024,Departemen Teknik Informatika dan Komputer (DTIK),S.Tr. Sains Data Terapan,4,3,2,3,2,4,4,2,3,keinginan sukses dimasa depan,2,2,3,2,1,3,5,4,tugas yang terlalu banyak,4,4,4,3,4,3,5,4,tidak ada,4,4,5,4,4,5,5,5,mengadakan pelatihan ,
23/09/2026 11:48:56,Laki-laki,Semester 5,2024,Departemen Teknik Informatika dan Komputer (DTIK),S.Tr. Sains Data Terapan,4,4,3,3,4,4,5,2,4,Teman teman ,4,3,4,4,4,4,4,4,kurikulum yang sedikit kurang rapih dan redundan,4,4,4,4,4,4,4,4,Teman teman,3,3,3,4,3,3,3,3,Informasi dan rekomendasi,
23/09/2026 11:49:03,Laki-laki,Semester 5,2024,Departemen Teknik Informatika dan Komputer (DTIK),S.Tr. Sains Data Terapan,4,4,5,4,4,5,4,3,4,Dukungan dari orang tua,4,3,3,4,3,4,3,4,Kepastian dosen dalam pelaksanaan perkuliahan,5,4,4,3,4,4,4,4,Sikap dan respon dari teman teman yang menerima,2,3,4,4,3,2,4,3,Pelatihan dan gambaran di dunia kerja,
23/09/2026 11:49:04,Laki-laki,Semester 1,2026,Departemen Teknik Mekanika Energi (DTME),S.Tr. Sistem Pembangkit Energi,5,5,3,5,5,5,5,4,5,Tanggung jawab ,5,4,5,5,5,5,4,5,Lambatnya informasinya dan kurang canggih sistem informasi kampus,5,5,5,5,5,5,5,5,Fasilitas yang nyaman dibandingkan di kost,4,4,5,4,5,4,3,4,"Tolong samakan dengan ITS, yang terdapat kanal informasinya, media sosialnya, badan, ruangan, pengurus, ikatan alumni, dll sehingga mempermudah mahasiswa dalam memperoleh informasi ",
23/09/2026 11:49:44,Laki-laki,Semester 1,2026,Departemen Teknik Elektro (DTE),D3 Teknik Elektronika,4,4,2,3,2,4,3,2,3,Ibu saya ,3,2,3,3,2,3,3,2,ETHOL gampang error,3,4,3,3,3,4,3,3,Saya tidak dijauhi,2,2,3,2,2,2,2,2,Dosen yang benar-benar suka mengajar dan mudah dipahami,
23/09/2026 11:55:41,Laki-laki,Semester 5,2024,Departemen Teknik Informatika dan Komputer (DTIK),S.Tr. Sains Data Terapan,4,3,2,4,4,5,3,1,2,Cuan Lancar & Harapan Orang Tua,2,3,4,3,2,3,4,3,apa yang didapat dari materi kadang hanya angin lewat saja,3,4,3,4,5,4,5,3,topic pembicaraan yang encer,2,4,4,3,1,2,2,5,Sertfifikasi,
23/09/2026 12:12:38,Laki-laki,Semester 1,2026,Departemen Teknik Mekanika Energi (DTME),S.Tr. Sistem Pembangkit Energi,3,2,1,4,4,5,4,1,3,Amanah dari orang tua ,3,1,3,4,1,3,3,4,"Menurut saya , kegiatan UKM seringkali jadwalnya bertabrakan padahal untuk kegiatan yang mendidik hardskill seperti UKM itu sangatlah penting bagi mahasiswa untuk berkembang, jadi lebih baik di masukan ke akademik, maksud saya dari ""dimasukkan ke akademik"" adalah seharusnya UKM yang melatih skill teknik menjadi semacam kewajiban bagi mahasiswa, jadi sistem nya bukan hanya sebatas skem untuk kelulusan, dan sebaiknya kampus lebih banyak menyediakan entah itu seminar atau bahkan pelatihan saat liburan semester. Jadi bagi mahasiswa yang ingin memanfaatkan waktu untuk berkembang saat liburan semester bisa memiliki pilihan lebih untuk berkembang",3,4,3,3,5,3,4,3,"Lebih ke fasilitas umum , seperti gazebo , tempat berkumpul ,dll. Yang membuat saya tidak nyaman adalah permasalahan yang berkaitan dengan parkir beserta staff nya, dan juga menurut saya mahasiswa/mahasiswi agak kekurangan tempat untuk berkumpul dan menjalin silaturahmi. Karena saya masih sempat melihat banyak mahasiswa/mahasiswi yang malah duduk di depan perpustakaan D3 tanpa kursi ataupun meja, menurut saya itu kurang pantas untuk seukuran kampus. Jadi lebih baik di tambah fasilitas umum untuk duduk santai sambil mengerjakan tugas",4,1,3,1,3,1,2,3,"Pelatihan, saya membutuhkan pelatihan hardskill yang  seharusnya disediakan pihak kampus",
23/09/2026 12:20:42,Perempuan,Semester 1,2026,Departemen Teknologi Multimedia Kreatif (DTMK),S.Tr. Teknologi Game,4,5,5,5,5,5,3,1,4,"keinginan untuk memanfaatkan semua ilmu di perkuliahan dan juga belajar ilmu lain, teman2 perempuan yang funny dan baik baik, cari duit susah sudah bisa kuliah jadi dimanfaatin",5,5,4,5,4,5,3,5,tidak ada kendala akademik,5,5,5,5,5,5,5,5,"karena ga semua orang peduli dengan yang kita rasakan, ambigu ya tapi kalo di posisi kita merasa jelek, ga percaya diri dll mereka ga pduli jadi ya lebih enak begitu kalau kasusnya seperti ini",2,1,3,1,1,1,1,1,"dukungan ilmu, mental, percaya diri, dan latihan saat dibawah tekanan",
23/09/2026 12:26:19,Laki-laki,Semester 1,2026,Departemen Teknik Mekanika Energi (DTME),S.Tr. Teknik Mekatronika,2,3,2,3,3,4,5,5,2,orang tua saya yang sudah berjuang sehingga saya dapat menempuh pendidikan tinggi,4,2,2,3,4,4,3,4,perhatian lebih kepada murid dari SMA di praktikum yang tergolong mekanik,3,5,1,3,2,3,3,3,KTM yg memberikan akses ke fasilitas kampus,3,4,2,3,4,2,4,3,penjelasan alur menjelang akhir masa studi dan pasca studi menuju bekerja,
23/09/2026 12:29:28,Laki-laki,Semester 1,2026,Departemen Teknik Elektro (DTE),S. Tr. Teknik Elektro Industri,4,5,2,5,3,3,4,5,4,"Cita - Cita, Harapan, Dan Eksplorasi",5,2,3,4,4,3,3,3,"Menurut saya, beberapa matkul teori belum maksimal dalam memberikan pembelajaran mengenai teori teori di matkul tersebut",5,5,5,4,5,3,4,4,Semangat dan Ambisi yang kuat,3,2,3,2,1,3,1,4,"Lowongan Kerja, Hubungan dengan Alumni, Program Magang, Pelatihan",
23/09/2026 12:32:21,Perempuan,Semester 1,2026,Departemen Teknik Informatika dan Komputer (DTIK),S.Tr. Teknik Informatika,4,4,4,4,4,4,4,4,4,Pelajarannya seru,4,4,4,4,4,4,4,4,Merasa tertinggal dari teman-teman lain,4,4,4,4,4,4,4,4,Berteman dengan teman-teman ,4,4,4,4,4,4,4,4,Pelatihan dan workshop juga pengadaan lomba di dalam kampus ,
23/09/2026 13:25:29,Laki-laki,Semester 1,2026,Departemen Teknik Mekanika Energi (DTME),S.Tr. Teknik Mekatronika,1,1,2,2,2,5,2,1,2,"Orang tua saya yang berkorban demi saya, mbah saya yang mendukung saya, Dan keluarga yang menyemangati Dari sebrang pulau sana",2,3,1,2,1,2,2,2,"Saya kesulitan dalam proses ajar mengajar Dan saya juga kesulitan untuk meminta bantuan, saya juga merasa dikucilkan serta merasa kesulitan dalam memahami materi Dan Masih banyak masalah yang lain(saya butuh bantuan)",3,3,1,2,3,2,4,2,"Tidak ada, saya merasa was was setiap saat Dan butuh bantuan",2,3,2,2,1,1,1,2,"Arahan, testimoni, Dan rekomendasi ",
23/09/2026 13:31:17,Perempuan,Semester 1,2026,Departemen Teknik Informatika dan Komputer (DTIK),S.Tr. Teknik Komputer,5,4,4,5,4,5,5,4,4,karena ingin sukses,4,4,4,4,3,4,3,5,-,5,4,5,4,3,4,4,4,-,4,4,5,4,4,4,4,4,mencari tempat magang,
23/09/2026 13:43:11,Perempuan,Semester 1,2026,Departemen Teknik Informatika dan Komputer (DTIK),S.Tr. Sains Data Terapan,3,5,3,3,3,5,5,5,5,orang tua,5,5,5,5,5,5,4,5,-,5,5,5,5,5,5,5,5,teman teman solid,4,3,4,3,3,5,5,3,memberikan magang dan bimbingan karir,
23/09/2026 14:38:04,Laki-laki,Semester 1,2026,Departemen Teknik Elektro (DTE),S.Tr. Teknik Telekomunikasi,1,3,3,1,2,1,3,5,1,Impian dan cita cita masa depan,3,2,2,2,5,5,4,3,Kurangnya waktu untuk memahami materi lebih lanjut,3,3,3,3,4,4,3,5,Adanya semangat dalam menempuh ilmu,3,3,3,4,3,2,3,1,Adanya bimbingan dalam belajar materi mata kuliah,
23/09/2026 14:58:05,Laki-laki,Semester 1,2026,Departemen Teknik Informatika dan Komputer (DTIK),S.Tr. Teknik Komputer,3,4,2,5,3,5,5,5,5,"Karena saya ingin kuliah, belajar dan sukses untuk menggapai impian saya sebagai orang yang bisa slow living di perumahan elite cluster hehe. doakan yang terbaik untuk saya juga yaa :D",4,3,4,4,3,2,3,5,"Time management ku lumayan ngakak sih, sabtu minggu bukannya ngelaprak ama nugas malah kujadikan ajang istirahat ama tidur. saya sedang mencoba belajar time management mulai detik ini",5,5,5,5,5,5,5,5,"Sebulan menjalani perkuliahan ini aku udah merasa punya temen2. banyak dari daerah luar, even temen pkkmb, temen kelas atau temen dari kelas lain. jadi ya nyaman nyaman aja sih. cuman masih gamon ama kampus ibu yang luhur sih hehe",5,5,5,1,5,5,1,4,"Lebih ke training dan pelatihan atau sertifikasi sih. Karena as a computer engineering yang dilihat dari engineer adalah sertifikasi, project dan pelatihan mereka. jadi secara tidak langsung saya berharap bisa mendapat info tentang pelatihan, sertifikasi, seminar atau workshop (utamanya gratis) untuk penunjang di cv dan skill saya. sekian terimakasih",
23/09/2026 18:43:54,Laki-laki,Semester 1,2026,Departemen Teknologi Multimedia Kreatif (DTMK),D3 Teknologi Multimedia dan Broadcasting,5,3,3,5,5,2,5,2,3,ingin mengejar sebuah cita-cita,3,3,4,4,3,5,3,5,saya tidak memiliki laptop ,5,5,1,5,2,5,4,5,mempunyai teman yang mendukung satu sama lain,3,3,3,3,3,3,3,3,-,
23/09/2026 20:51:03,Laki-laki,Semester 3,2025,Departemen Teknik Informatika dan Komputer (DTIK),S.Tr. Sains Data Terapan,4,3,1,3,1,4,5,2,3,Teman teman suportif sama dosen yang pengertian akan beban akademik.,3,2,4,3,3,3,5,5,Beban tugas yang secara bersamaan keluar banyak dengan deadline hampir bersamaan dan cukup mepet,5,5,5,5,4,5,5,5,Teman teman yang terbuka dan easy going ,5,4,3,4,2,3,4,4,Workshop atau pelatihan diluar jam akademik yang berfokus langsung ke kasus practical yang umum dalam dunia kerja masa kini,
23/09/2026 23:35:03,Perempuan,Semester 1,2026,Departemen Teknik Elektro (DTE),D3 Teknik Elektro Industri,5,5,5,5,5,5,5,5,5,Orangtua,4,2,5,5,5,5,5,5,"Saya masih belum bisa baca gambar rangkaian untuk merngkainya, seenggaknya dosen² mengajari cara baca rangkaian listrik untuk dirangkai bagi Pemulaa",5,5,5,5,5,5,5,5,Teman-teman bestieku smw,3,5,5,3,4,5,5,5,"Pemahaman praktik dan teori secara mendalam, dukungan dari PT lain agar mempermudah collab, sharing season dan nambah relasi",
24/09/2026 09:21:26,Laki-laki,Semester 1,2026,Departemen Teknik Elektro (DTE),D3 Teknik Elektro Industri,2,3,1,4,2,5,4,3,5,Ingin membahagiakan kedua org tua,3,1,2,3,3,3,3,3,Tidak ada,3,3,3,3,3,3,3,3,Tidak ada,3,3,3,3,3,3,3,3,Relasi,
24/09/2026 17:08:56,Laki-laki,Semester 1,2026,Departemen Teknik Mekanika Energi (DTME),S.Tr. Teknologi Rekayasa Perancangan Manufaktur,4,4,3,5,3,4,4,2,4,"saya ingin menjawab kalau saya bisa sukses dengan kuliah, karena sodara saya meremehkan saya untuk kuliah",3,3,3,3,4,4,3,4,"di karenakan saya dari SMA dan jurusan saya BAHASA, saya cukup kesulitan walau saya telat ilmu nya bersama teman saya, saya masih ingin mengejar anak” dan saya akan bertanya selalu kepada anak yang bisa",5,5,5,5,2,4,4,4,saya ngerasa kalau ingin ikut ukm tetapi udah tutup cepet & kalau daftar tin atau lainya saya masih kurang skill,3,3,3,3,3,3,3,3,"yang saya butuhkan yaitu perbanyak pratikum, karena saya lebih cepat paham langsung pratikum ",
25/09/2026 05:38:18,Perempuan,Semester 3,2025,Departemen Teknik Informatika dan Komputer (DTIK),S.Tr. Teknik Informatika,5,4,2,5,4,5,5,1,4,"Alhamdulillah saya di asrama jadi masih punya teman sebaya yang memotivasi, dan mentoring bareng temen-temen sma membuat saya semangat lagi dalam menggapai ilmu",4,5,4,5,5,5,3,5,Butuh banget poster atau informasi layanan psikolog di pens,5,4,5,5,5,3,3,5,komunitas yang terbuka dan pens punya banyak tempat untuk belajar belajar,5,5,5,5,5,4,5,3,belum ada,
25/09/2026 15:34:43,Laki-laki,Semester 1,2026,Departemen Teknologi Multimedia Kreatif (DTMK),S.Tr. Teknologi Game,4,4,4,5,4,3,4,4,4,"karena kuliah cuma 4x seminggu (1 hari yg merger dg hari yg lain), dan selama masih sempet nonton anime/baca novel menurut saya masih oke. ",3,4,4,4,4,4,4,4,"sinyalnya jelek, terutama lantai atas",4,4,4,4,4,5,5,4,"warga pens baik, ga berisik, cocok untuk saya yang suka vibes kampus yang cozy",4,2,3,3,3,3,4,3,"koneksi, soft skill dan hard skill, portofolio",
28/09/2026 09:23:19,Perempuan,Semester 5,2024,Departemen Teknik Informatika dan Komputer (DTIK),S.Tr. Sains Data Terapan,2,4,1,2,3,2,4,2,2,"karena punya tanggung jawab projek berkelompok, dan punya urusan organisasi",2,1,3,2,2,2,3,2,"projek yg sangat banyak dan kebanyakan berkelompok dgn jumlah yg berbeda beda dan orangnya berbeda juga, jadi ribet",4,3,5,4,4,3,3,3,dianggap ada,4,4,3,1,3,2,3,2,pemetaan mahasiswa dan dukunvan berupa informasi sih,
28/09/2026 09:41:12,Laki-laki,Semester 3,2025,Departemen Teknik Informatika dan Komputer (DTIK),S.Tr. Teknik Komputer,2,2,2,3,3,2,4,2,3,tujuan masa depan dan impian orangtua,3,3,3,4,3,3,1,3,kendala perpindahan jadwal kelas mendadak oleh dosen,4,5,4,4,4,4,4,4,adanya area yg nyaman seperti co working,2,2,3,2,4,3,3,3,fasilitas atau subsidi dari kampus untuk mengambil sertifikasi,
28/09/2026 09:46:02,Laki-laki,Semester 3,2025,Departemen Teknik Informatika dan Komputer (DTIK),S.Tr. Sains Data Terapan,4,4,3,2,2,3,2,3,4,Ingat harus mengakhiri apa yang kita mulai ,4,3,4,2,3,3,2,3,Ethol,3,3,4,2,3,3,2,2,Teman-teman ,3,1,2,4,2,3,2,3,Praktek ,
28/09/2026 09:48:25,Laki-laki,Semester 3,2025,Departemen Teknik Elektro (DTE),S.Tr. Teknik Elektronika,2,3,2,2,2,3,3,2,4,Karena orang tua dan memikirkan banyaknya uang yang sudah dikeluarkan untuk diri saya,3,2,3,3,3,3,3,3,"Alur dispensasi menurut saya kurang jelas dan ribet, saya bertanya kepada teman dan doswal jawabannya tidak ada yang sama",4,4,4,3,4,4,4,4,Adanya komunitas yang berisi dengan orang yang memiliki hobi/kesukaan yang mirip seperti saya,3,2,2,3,2,1,2,2,Mungkin workshop atau pengembangan kompetensi di bidang yang relevan di masa kini,
28/09/2026 09:55:27,Perempuan,Semester 5,2024,Departemen Teknik Informatika dan Komputer (DTIK),S.Tr. Sains Data Terapan,4,4,5,3,3,5,4,5,5,karena teman dan goals yg harus saya penuhi,4,3,5,4,5,4,5,5,pengelolaan waktu,4,4,5,5,4,5,4,5,lingkungan pertemanan saya,4,5,5,5,4,5,4,5,koneksi untuk melanjutkan ke dunia pekerjaan,
28/09/2026 09:56:40,Perempuan,Semester 5,2024,Departemen Teknik Informatika dan Komputer (DTIK),S.Tr. Sains Data Terapan,3,4,1,3,3,2,2,4,3,Teman,3,3,4,3,4,4,4,2,Beban tugas terlalu banyak,5,5,2,4,5,4,4,4,Teman,3,4,4,3,3,3,2,2,Karir ekspo,
28/09/2026 09:58:45,Laki-laki,Semester 3,2025,Departemen Teknik Informatika dan Komputer (DTIK),S.Tr. Sains Data Terapan,3,3,2,4,4,4,3,3,3,Tujuan akhir ,3,1,2,3,3,4,4,4,Tempo belajar yang terlalu cepat,3,4,3,3,3,3,3,3,Teman-teman yang baik,4,3,4,4,3,3,2,3,Relasi yang kuat,
28/09/2026 10:01:42,Perempuan,Semester 3,2026,Departemen Teknik Informatika dan Komputer (DTIK),S.Tr. Sains Data Terapan,4,3,3,5,4,5,4,4,4,Orang tua,4,3,3,4,4,4,3,4,-,4,5,5,5,4,4,5,4,-,3,3,4,2,2,2,4,3,-,
28/09/2026 10:04:14,Laki-laki,Semester 3,2025,Departemen Teknik Elektro (DTE),S.Tr. Teknik Elektronika,3,3,2,3,4,2,2,2,3,nanggung ,3,2,3,2,3,3,4,5,dosen nya banyak yang stecu...,4,3,4,4,4,4,4,4,dialog nya enak,3,3,3,3,4,4,4,4,"praktek dan teori jangan dibedakan oleh hari yang jauh jedanya, sehingga kami bisa menerapkan teori pada praktikum dengan sempurna",
28/09/2026 10:05:53,Laki-laki,Semester 3,2025,Departemen Teknik Elektro (DTE),S.Tr. Teknologi Rekayasa Internet,3,4,3,4,4,2,3,2,4,masa depan,4,4,3,3,4,3,4,4,kegiatan diluar akademik yang diwajibkan ,3,4,3,4,4,4,4,4,teman teman,3,4,4,2,3,4,2,4,seminar dari alumni,
28/09/2026 10:07:12,Laki-laki,Semester 3,2025,Departemen Teknik Mekanika Energi (DTME),S.Tr. Teknik Mekatronika,5,5,3,4,5,5,5,3,4,Orang tua dan orang terdekat,5,3,3,5,5,4,3,4,peralatan yang harus di perbarui dan wifi nya kalo bisa itu bisa sedikit lebih lancar lagi karena akhir-akhir ini kalo dibuat buka ethol atau mypens di hp sering gabisa,5,5,5,5,5,4,5,4,teman-teman yang sangat care,4,4,5,4,4,5,4,5,"infromasi mengenai lowongan pekerjaan, ilmu untuk terjun ke dunia pekerjaan.",
28/09/2026 10:18:32,Laki-laki,Semester 3,2025,Departemen Teknologi Multimedia Kreatif (DTMK),S.Tr. Teknologi Game,1,5,3,1,2,1,1,3,1,"Karena KIPK, sayang kalau dilepas",3,4,2,3,3,1,5,3,"Materi dosen yang menggunakan ai, Menggunakan ai tidak apa - apa tapi please jangan setiap hari. Kenyang saya makan AI",1,1,1,1,4,1,4,1,"Tidak ada, saya merasa salah lingkungan ",1,1,4,2,3,5,1,2,"Dukungan mengenai info alumnus, sosialisasi mulai dari semester awal dan info terkait loker perjurusan (bukan semua jurusan dijadikan satu)",
28/09/2026 10:20:23,Laki-laki,Semester 3,2025,Departemen Teknik Informatika dan Komputer (DTIK),S.Tr. Teknik Informatika,3,3,2,2,3,2,3,3,2,Ilmunya,3,3,3,3,3,3,3,3,-,3,3,5,3,3,3,3,3,-,3,3,3,3,3,3,3,3,-,